spec,longitude,latitude
Urocyon cinereoargenteus,-108.7827884203,29.0029299643
Urocyon cinereoargenteus,-108.0445818084,29.7088075099
Urocyon cinereoargenteus,-101.692364595,22.7191647282
Urocyon cinereoargenteus,-120.6883703917,35.4946888582
Urocyon cinereoargenteus,-84.400955,33.779586
Urocyon cinereoargenteus,-98.6911591212,29.2395774505
Urocyon cinereoargenteus,-79.4698643312,37.8807570009
Urocyon cinereoargenteus,-69.9851733318,43.8844434239
Urocyon cinereoargenteus,-99.1328338534,18.9736915059
Urocyon cinereoargenteus,-89.142075,17.0903528333
Urocyon cinereoargenteus,-98.4693000526,30.7904360064
Urocyon cinereoargenteus,-116.649107862,35.8824183683
Urocyon cinereoargenteus,-121.0764324895,40.2414902006
Urocyon cinereoargenteus,-108.0716964238,29.2719690925
Urocyon cinereoargenteus,-85.5014013872,30.1817675023
Urocyon cinereoargenteus,-96.5652671456,33.2101147602
Urocyon cinereoargenteus,-80.1929574582,32.7983030141
Urocyon cinereoargenteus,-90.7868393224,35.0132037578
Urocyon cinereoargenteus,-112.0344009397,28.8790416717
Urocyon cinereoargenteus,-89.2202818394,13.6802515958
Urocyon cinereoargenteus,-122.6075062,41.5942974
Urocyon cinereoargenteus,-105.8406012803,35.1758229891
Urocyon cinereoargenteus,-102.5971837854,21.4878433961
Urocyon cinereoargenteus,-100.4491182044,22.8971275762
Urocyon cinereoargenteus,-120.6216609564,40.362378827
Urocyon cinereoargenteus,-102.3889121271,21.0967784397
Urocyon cinereoargenteus,-120.8858350523,39.53907659
Urocyon cinereoargenteus,-79.3233350107,42.1358733578
Urocyon cinereoargenteus,-78.5471290634,39.1391357276
Urocyon cinereoargenteus,-97.8408639007,30.6386052985
Urocyon cinereoargenteus,-105.3455332976,20.3387691265
Urocyon cinereoargenteus,-123.3751114347,44.3650447556
Urocyon cinereoargenteus,-90.631398483,31.2025224946
Urocyon cinereoargenteus,-110.2407805556,23.4430666667
Urocyon cinereoargenteus,-99.2670688689,30.8119708045
Urocyon cinereoargenteus,-70.6488003765,44.2889490634
Urocyon cinereoargenteus,-104.3365110997,33.1881461997
Urocyon cinereoargenteus,-97.5993416667,31.6994777778
Urocyon cinereoargenteus,-111.8224662915,34.8899874511
Urocyon cinereoargenteus,-99.0713457841,28.9448124866
Urocyon cinereoargenteus,-83.5654053,44.16510881
Urocyon cinereoargenteus,-105.6849735975,23.0862063938
Urocyon cinereoargenteus,-111.4491854712,33.9599279016
Urocyon cinereoargenteus,-99.6385645015,24.9684293792
Urocyon cinereoargenteus,-78.4217216667,36.3378033333
Urocyon cinereoargenteus,-75.9774699243,38.5824793086
Urocyon cinereoargenteus,-110.3149971468,24.0448976297
Urocyon cinereoargenteus,-101.8654740974,34.9794876694
Urocyon cinereoargenteus,-99.4329874571,16.7732192044
Urocyon cinereoargenteus,-104.6865672118,35.0364214125
Urocyon cinereoargenteus,-81.3789269,28.5383832
Urocyon cinereoargenteus,-98.936325,18.542695
Urocyon cinereoargenteus,-97.0284361111,29.2231055556
Urocyon cinereoargenteus,-110.3166411393,24.3562179104
Urocyon cinereoargenteus,-105.2270532004,40.3847222897
Urocyon cinereoargenteus,-101.1863116667,30.458155
Urocyon cinereoargenteus,-110.6962365618,38.2604708353
Urocyon cinereoargenteus,-101.0587031971,25.1263180451
Urocyon cinereoargenteus,-103.962383531,23.6808072066
Urocyon cinereoargenteus,-88.3609268271,16.5367970977
Urocyon cinereoargenteus,-89.6109519693,17.2260828231
Urocyon cinereoargenteus,-96.2481747195,19.2361339136
Urocyon cinereoargenteus,-97.3442673488,32.5286729408
Urocyon cinereoargenteus,-80.5571114456,35.3527155142
Urocyon cinereoargenteus,-104.3220266125,19.7655441854
Urocyon cinereoargenteus,-85.8116552638,34.9807161775
Urocyon cinereoargenteus,-85.665894,9.965486
Urocyon cinereoargenteus,-100.886305,29.3654633333
Urocyon cinereoargenteus,-121.586106792,40.3484716396
Urocyon cinereoargenteus,-79.3283992707,38.2731866483
Urocyon cinereoargenteus,-72.9637188172,43.5769143375
Urocyon cinereoargenteus,-84.819595,37.2168
Urocyon cinereoargenteus,-104.6275751637,33.3941656321
Urocyon cinereoargenteus,-102.1028459072,20.9374936654
Urocyon cinereoargenteus,-102.4344613148,28.7122308412
Urocyon cinereoargenteus,-87.6163512232,21.3217397718
Urocyon cinereoargenteus,-108.9462966667,27.0187606667
Urocyon cinereoargenteus,-85.6415413419,9.3216424969
Urocyon cinereoargenteus,-87.552955,20.1671783333
Urocyon cinereoargenteus,-96.3953399444,18.8346252222
Urocyon cinereoargenteus,-97.9454753269,29.8886474362
Urocyon cinereoargenteus,-92.2486233115,47.4239382353
Urocyon cinereoargenteus,-76.3401030071,36.3734581722
Urocyon cinereoargenteus,-113.1010969,28.0750199
Urocyon cinereoargenteus,-75.4364349567,38.6843394332
Urocyon cinereoargenteus,-106.4694502402,36.2566139116
Urocyon cinereoargenteus,-105.914895,32.7474533333
Urocyon cinereoargenteus,-79.5986724637,35.1457837359
Urocyon cinereoargenteus,-89.900236,18.5534409722
Urocyon cinereoargenteus,-111.0597165313,33.8860175186
Urocyon cinereoargenteus,-91.4256377487,31.4945063227
Urocyon cinereoargenteus,-76.4950444215,42.4880025161
Urocyon cinereoargenteus,-98.8652617112,23.0166016642
Urocyon cinereoargenteus,-106.0349797457,24.820674104
Urocyon cinereoargenteus,-84.9615444444,30.5415194444
Urocyon cinereoargenteus,-120.0624345344,38.2522413195
Urocyon cinereoargenteus,-99.5364543495,29.2414686343
Urocyon cinereoargenteus,-74.8481459168,39.5282835187
Urocyon cinereoargenteus,-89.4023558075,17.0762673241
Urocyon cinereoargenteus,-87.7299270628,21.5211486814
Urocyon cinereoargenteus,-73.319404403,5.1272259993
Urocyon cinereoargenteus,-102.1360448265,17.9801169945
Urocyon cinereoargenteus,-86.7790966225,33.1986590067
Urocyon cinereoargenteus,-100.3428109559,29.8623079324
Urocyon cinereoargenteus,-79.2429266756,41.2745205902
Urocyon cinereoargenteus,-99.5567180961,20.4868094147
Urocyon cinereoargenteus,-103.9838790833,19.5688972222
Urocyon cinereoargenteus,-93.0160678728,30.7699879559
Urocyon cinereoargenteus,-99.7917292712,21.38724
Urocyon cinereoargenteus,-72.09815,43.50858
Urocyon cinereoargenteus,-118.5918001269,34.6030998324
Urocyon cinereoargenteus,-86.2217768659,32.0575849563
Urocyon cinereoargenteus,-102.6447967063,20.8804763234
Urocyon cinereoargenteus,-118.2704747879,34.1120462688
Urocyon cinereoargenteus,-105.0041449467,39.5369896184
Urocyon cinereoargenteus,-96.572402,29.554224
Urocyon cinereoargenteus,-86.8870710815,15.4277381053
Urocyon cinereoargenteus,-89.6247083,13.8258609
Urocyon cinereoargenteus,-109.9938752374,24.0930723079
Urocyon cinereoargenteus,-90.6835525997,37.5390445997
Urocyon cinereoargenteus,-74.5715263904,41.0780074368
Urocyon cinereoargenteus,-90.2944166449,17.2480122029
Urocyon cinereoargenteus,-98.9548001881,21.984418997
Urocyon cinereoargenteus,-102.0389054328,18.6720902078
Urocyon cinereoargenteus,-81.7155833333,32.4131966667
Urocyon cinereoargenteus,-97.9375502,28.2275275
Urocyon cinereoargenteus,-82.6439003772,34.8612112955
Urocyon cinereoargenteus,-92.252948,14.855219
Urocyon cinereoargenteus,-117.6083216667,34.2458583333
Urocyon cinereoargenteus,-116.6766666667,31.8780883333
Urocyon cinereoargenteus,-99.5673833987,23.4523573773
Urocyon cinereoargenteus,-89.7636324904,31.8975131597
Urocyon cinereoargenteus,-99.0209435603,19.829188008
Urocyon cinereoargenteus,-121.4800693095,35.9508782317
Urocyon cinereoargenteus,-111.9453811646,33.4218139648
Urocyon cinereoargenteus,-77.3734966667,39.0800221667
Urocyon cinereoargenteus,-112.8542462231,37.2201901594
Urocyon cinereoargenteus,-106.2890383333,34.3987083333
Urocyon cinereoargenteus,-100.6439458206,26.044319839
Urocyon cinereoargenteus,-78.7016838398,34.3260637623
Urocyon cinereoargenteus,-80.2297313875,35.3885367011
Urocyon cinereoargenteus,-97.4241623763,35.4314196744
Urocyon cinereoargenteus,-91.1749376357,36.7308125472
Urocyon cinereoargenteus,-78.4782302332,35.7210771019
Urocyon cinereoargenteus,-72.657425,41.7571533333
Urocyon cinereoargenteus,-102.6906389597,21.1979672554
Urocyon cinereoargenteus,-85.9394849944,32.397849491
Urocyon cinereoargenteus,-123.5263460487,42.3673464766
Urocyon cinereoargenteus,-87.3538428918,34.3339550135
Urocyon cinereoargenteus,-79.549153,40.313839
Urocyon cinereoargenteus,-101.5013340488,21.4827597215
Urocyon cinereoargenteus,-70.6271829116,42.6439855994
Urocyon cinereoargenteus,-75.0210340503,44.5292066625
Urocyon cinereoargenteus,-111.4352092704,33.3686655164
Urocyon cinereoargenteus,-119.5572798903,36.4844316985
Urocyon cinereoargenteus,-72.4616544283,44.3412826917
Urocyon cinereoargenteus,-100.0697768459,29.650237132
Urocyon cinereoargenteus,-85.83052,10.2486883333
Urocyon cinereoargenteus,-109.5427383333,30.9696166667
Urocyon cinereoargenteus,-86.1678830534,31.6969474659
Urocyon cinereoargenteus,-105.6885099141,28.1862977655
Urocyon cinereoargenteus,-88.3207645229,18.506897667
Urocyon cinereoargenteus,-83.1696511433,34.265276138
Urocyon cinereoargenteus,-112.037515596,34.177435406
Urocyon cinereoargenteus,-109.9694649722,23.5459719722
Urocyon cinereoargenteus,-104.4892328794,21.2991255059
Urocyon cinereoargenteus,-105.5753797812,28.5151938541
Urocyon cinereoargenteus,-104.8839310103,21.1515595922
Urocyon cinereoargenteus,-117.0047740638,33.0054708808
Urocyon cinereoargenteus,-116.5627513826,32.1336188897
Urocyon cinereoargenteus,-72.2148053527,42.9100813191
Urocyon cinereoargenteus,-90.0605555,33.8783133333
Urocyon cinereoargenteus,-74.1291549303,40.9811266658
Urocyon cinereoargenteus,-94.2436288277,30.580539686
Urocyon cinereoargenteus,-82.7081670946,35.2163292905
Urocyon cinereoargenteus,-111.415181,32.542214
Urocyon cinereoargenteus,-115.0209867629,36.103148985
Urocyon cinereoargenteus,-89.8902564123,16.9412922553
Urocyon cinereoargenteus,-89.5633452336,48.2890186107
Urocyon cinereoargenteus,-118.1122200588,34.3129609096
Urocyon cinereoargenteus,-85.1974648597,41.0610289007
Urocyon cinereoargenteus,-102.4202109459,27.3396484015
Urocyon cinereoargenteus,-74.1840358,41.6056492
Urocyon cinereoargenteus,-99.0177805556,31.859275
Urocyon cinereoargenteus,-123.0675083333,38.3516416667
Urocyon cinereoargenteus,-111.1462678523,30.3295953659
Urocyon cinereoargenteus,-77.7352720159,41.0075600535
Urocyon cinereoargenteus,-103.8442992,20.3867097
Urocyon cinereoargenteus,-81.4115616667,28.08025
Urocyon cinereoargenteus,-96.5540349,17.5332437
Urocyon cinereoargenteus,-88.0957140669,15.5253482277
Urocyon cinereoargenteus,-68.2910407541,44.1015228695
Urocyon cinereoargenteus,-120.8546066667,38.435035
Urocyon cinereoargenteus,-101.330504,20.754481
Urocyon cinereoargenteus,-119.9527902157,35.1247551133
Urocyon cinereoargenteus,-102.0054638833,33.5166666667
Urocyon cinereoargenteus,-88.3480904266,19.1217908126
Urocyon cinereoargenteus,-113.3658079468,32.7970736093
Urocyon cinereoargenteus,-123.4666346975,43.2639848573
Urocyon cinereoargenteus,-111.00588917,32.5299586963
Urocyon cinereoargenteus,-97.968995,32.9239616667
Urocyon cinereoargenteus,-75.751413534,41.0510765725
Urocyon cinereoargenteus,-86.5508116667,31.0863083333
Urocyon cinereoargenteus,-118.1225135922,35.9945251089
Urocyon cinereoargenteus,-98.5445315155,29.8125157436
Urocyon cinereoargenteus,-91.0210886,30.5969061493
Urocyon cinereoargenteus,-106.9442904582,33.8404308608
Urocyon cinereoargenteus,-112.191003,35.249457
Urocyon cinereoargenteus,-85.7164231997,31.5237480997
Urocyon cinereoargenteus,-118.9472844752,34.0702062745
Urocyon cinereoargenteus,-72.1070130625,41.5206863255
Urocyon cinereoargenteus,-122.3869309189,41.3760640686
Urocyon cinereoargenteus,-100.0789189172,28.059396704
Urocyon cinereoargenteus,-108.054651,30.734827
Urocyon cinereoargenteus,-94.0050366944,35.7321946389
Urocyon cinereoargenteus,-94.1907730103,36.0498847961
Urocyon cinereoargenteus,-81.6631703448,26.6549849905
Urocyon cinereoargenteus,-102.6778633333,30.8820866667
Urocyon cinereoargenteus,-96.0037731752,18.8847639119
Urocyon cinereoargenteus,-84.7956888889,10.3026888889
Urocyon cinereoargenteus,-95.7321312733,16.7208652151
Urocyon cinereoargenteus,-109.0412083245,31.3266725015
Urocyon cinereoargenteus,-103.0171882912,37.1359810603
Urocyon cinereoargenteus,-123.515520271,38.7514758082
Urocyon cinereoargenteus,-114.2737472222,34.4324305556
Urocyon cinereoargenteus,-95.8760430291,32.3588105459
Urocyon cinereoargenteus,-105.3768745525,39.923848005
Urocyon cinereoargenteus,-109.4724986327,31.2730969555
Urocyon cinereoargenteus,-75.6625607032,42.8373673504
Urocyon cinereoargenteus,-80.0633718073,26.438061385
Urocyon cinereoargenteus,-83.7219893785,34.7144219202
Urocyon cinereoargenteus,-95.3857610278,32.7472838324
Urocyon cinereoargenteus,-83.19345,35.0536278333
Urocyon cinereoargenteus,-90.4618389121,19.891892862
Urocyon cinereoargenteus,-89.2495174336,33.4874569219
Urocyon cinereoargenteus,-74.4626783333,44.2156033333
Urocyon cinereoargenteus,-97.972539507,30.8701018108
Urocyon cinereoargenteus,-89.30545589,19.05077621
Urocyon cinereoargenteus,-93.143047,44.478383
Urocyon cinereoargenteus,-73.6760625243,5.4604157679
Urocyon cinereoargenteus,-99.2215945367,19.9932921971
Urocyon cinereoargenteus,-107.4192149,37.0280607
Urocyon cinereoargenteus,-96.9095328483,18.6716882026
Urocyon cinereoargenteus,-103.5803008908,22.1893554917
Urocyon cinereoargenteus,-98.557542221,32.881110581
Urocyon cinereoargenteus,-100.980586,20.917847
Urocyon cinereoargenteus,-89.0783333333,13.4988888889
Urocyon cinereoargenteus,-116.8519833333,33.6960833333
Urocyon cinereoargenteus,-89.756989181,14.8737901755
Urocyon cinereoargenteus,-120.36503564,38.23627244
Urocyon cinereoargenteus,-99.2424866667,30.3202133333
Urocyon cinereoargenteus,-122.442526381,42.1130443574
Urocyon cinereoargenteus,-111.8903666667,26.7660777778
Urocyon cinereoargenteus,-96.304046,36.222875
Urocyon cinereoargenteus,-81.0812611667,32.17908
Urocyon cinereoargenteus,-119.8933157859,36.8401728482
Urocyon cinereoargenteus,-101.2096416667,29.70235
Urocyon cinereoargenteus,-122.9476173486,41.7857709845
Urocyon cinereoargenteus,-79.1030878795,43.0178034159
Urocyon cinereoargenteus,-123.3300099894,38.9499812283
Urocyon cinereoargenteus,-116.926426,32.7044319722
Urocyon cinereoargenteus,-89.7782555556,43.6344611111
Urocyon cinereoargenteus,-81.9960140077,29.0713029859
Urocyon cinereoargenteus,-87.1459111667,32.749945
Urocyon cinereoargenteus,-124.3990110978,42.6085114029
Urocyon cinereoargenteus,-122.0363464884,37.6784575683
Urocyon cinereoargenteus,-107.933,37.8237972222
Urocyon cinereoargenteus,-119.8004636,39.2072233
Urocyon cinereoargenteus,-109.9339523353,22.8809636911
Urocyon cinereoargenteus,-80.6578,25.4035116667
Urocyon cinereoargenteus,-99.7170866667,32.44417
Urocyon cinereoargenteus,-106.0124666667,25.0697
Urocyon cinereoargenteus,-77.5681670188,41.5007536892
Urocyon cinereoargenteus,-96.9511291945,19.1317044203
Urocyon cinereoargenteus,-89.8655588679,35.0912037378
Urocyon cinereoargenteus,-101.9861125946,22.3033571911
Urocyon cinereoargenteus,-95.7444227056,36.2602847929
Urocyon cinereoargenteus,-81.4851285648,31.1882121748
Urocyon cinereoargenteus,-77.6377232785,34.4194947156
Urocyon cinereoargenteus,-104.075211,29.163483
Urocyon cinereoargenteus,-81.7981089279,34.7904921797
Urocyon cinereoargenteus,-117.6927259485,33.4861797352
Urocyon cinereoargenteus,-111.009993,32.108819
Urocyon cinereoargenteus,-120.2921079722,37.7950719722
Urocyon cinereoargenteus,-99.3514575878,23.9989735249
Urocyon cinereoargenteus,-80.1282797528,26.1966828992
Urocyon cinereoargenteus,-99.6671953285,17.8916072195
Urocyon cinereoargenteus,-90.934455,37.9502966667
Urocyon cinereoargenteus,-103.6068819722,20.780217
Urocyon cinereoargenteus,-121.5500633333,36.3866833333
Urocyon cinereoargenteus,-78.602762,39.852967
Urocyon cinereoargenteus,-117.9741424685,34.0878467752
Urocyon cinereoargenteus,-120.8364086718,37.7746573297
Urocyon cinereoargenteus,-118.4135138393,34.78352222
Urocyon cinereoargenteus,-104.5849745221,21.6493328811
Urocyon cinereoargenteus,-84.869810231,35.1919395838
Urocyon cinereoargenteus,-122.5986879319,43.9663783944
Urocyon cinereoargenteus,-101.5552533333,35.7180633333
Urocyon cinereoargenteus,-96.5755767822,31.4129180908
Urocyon cinereoargenteus,-110.640566,24.304503
Urocyon cinereoargenteus,-103.0667491023,32.4628021021
Urocyon cinereoargenteus,-97.8737138889,27.5065388889
Urocyon cinereoargenteus,-103.7707930058,25.2634781422
Urocyon cinereoargenteus,-93.0297558149,35.8599037293
Urocyon cinereoargenteus,-90.009336,21.17128
Urocyon cinereoargenteus,-111.3426133333,34.7226333333
Urocyon cinereoargenteus,-122.4450339739,43.7360061037
Urocyon cinereoargenteus,-118.3673072096,35.637906967
Urocyon cinereoargenteus,-71.383404636,41.7533670599
Urocyon cinereoargenteus,-90.2585933837,41.6058819017
Urocyon cinereoargenteus,-98.20278935,32.52799615
Urocyon cinereoargenteus,-95.9022666667,33.8130194444
Urocyon cinereoargenteus,-111.7989883333,33.7413666667
Urocyon cinereoargenteus,-89.25753,20.7344616667
Urocyon cinereoargenteus,-95.8742277604,31.9904962834
Urocyon cinereoargenteus,-122.225022207,44.4753647294
Urocyon cinereoargenteus,-95.9944546002,28.7438258869
Urocyon cinereoargenteus,-75.0795086101,38.5748942482
Urocyon cinereoargenteus,-86.9642987343,45.2210599361
Urocyon cinereoargenteus,-110.615905,32.0217083333
Urocyon cinereoargenteus,-111.5860533333,36.866445
Urocyon cinereoargenteus,-108.4974945566,32.9706962072
Urocyon cinereoargenteus,-85.7009874694,10.5407032583
Urocyon cinereoargenteus,-82.5635269134,35.7923403452
Urocyon cinereoargenteus,-87.0738853142,20.6295445317
Urocyon cinereoargenteus,-123.309086,44.594969
Urocyon cinereoargenteus,-105.1645097818,22.0527675406
Urocyon cinereoargenteus,-122.8577048841,38.0435029145
Urocyon cinereoargenteus,-121.4307783333,38.3920783333
Urocyon cinereoargenteus,-118.7128485128,37.5125007665
Urocyon cinereoargenteus,-118.9181540161,34.3991612272
Urocyon cinereoargenteus,-75.917795,35.8642616667
Urocyon cinereoargenteus,-87.3297736115,20.4027083385
Urocyon cinereoargenteus,-88.8293341175,14.0392518312
Urocyon cinereoargenteus,-91.37348,38.0607388333
Urocyon cinereoargenteus,-101.3042366394,27.9153101218
Urocyon cinereoargenteus,-103.7691345364,28.0441546706
Urocyon cinereoargenteus,-100.2288399333,31.4293834993
Urocyon cinereoargenteus,-81.215423584,38.1518135071
Urocyon cinereoargenteus,-97.775671,22.001833
Urocyon cinereoargenteus,-111.7551629618,34.6488586095
Urocyon cinereoargenteus,-120.7854641412,35.1071367985
Urocyon cinereoargenteus,-99.3385079052,19.766939694
Urocyon cinereoargenteus,-98.5777778551,20.6313101477
Urocyon cinereoargenteus,-84.5120089129,34.6499497285
Urocyon cinereoargenteus,-91.2075573257,18.0034331568
Urocyon cinereoargenteus,-72.5620064208,6.4984500102
Urocyon cinereoargenteus,-99.1242293268,18.7291489147
Urocyon cinereoargenteus,-96.4008983597,29.9751714673
Urocyon cinereoargenteus,-71.2337314535,42.2054610139
Urocyon cinereoargenteus,-93.7236543289,32.2947659153
Urocyon cinereoargenteus,-88.0380576168,36.9011533598
Urocyon cinereoargenteus,-101.6824716308,33.5353261047
Urocyon cinereoargenteus,-122.1149392068,37.4589166139
Urocyon cinereoargenteus,-115.2506783333,35.9751083333
Urocyon cinereoargenteus,-122.5116248362,38.5796158715
Urocyon cinereoargenteus,-82.115066573,37.9658972136
Urocyon cinereoargenteus,-120.493009661,35.3261070154
Urocyon cinereoargenteus,-79.8366116,37.8139404
Urocyon cinereoargenteus,-79.5866666667,39.6825
Urocyon cinereoargenteus,-120.9846324141,39.3014295912
Urocyon cinereoargenteus,-105.3056996,39.5202516
Urocyon cinereoargenteus,-105.8332133333,38.415395
Urocyon cinereoargenteus,-99.3830576,24.7100486
Urocyon cinereoargenteus,-118.6135932864,36.1420508752
Urocyon cinereoargenteus,-108.347663345,29.2611154649
Urocyon cinereoargenteus,-103.5656408966,25.4940869692
Urocyon cinereoargenteus,-94.7928473353,16.6916058356
Urocyon cinereoargenteus,-115.6197898832,36.2528339947
Urocyon cinereoargenteus,-104.4080378,35.6989298
Urocyon cinereoargenteus,-96.8056152098,18.9033138985
Urocyon cinereoargenteus,-113.5845383305,37.0082701641
Urocyon cinereoargenteus,-94.9914333333,44.552145
Urocyon cinereoargenteus,-98.8572692871,30.4807243347
Urocyon cinereoargenteus,-85.0466546569,33.4814575774
Urocyon cinereoargenteus,-100.5164189722,19.6100269722
Urocyon cinereoargenteus,-86.248873,34.6953649
Urocyon cinereoargenteus,-110.62167819,32.6949682543
Urocyon cinereoargenteus,-116.7463079413,33.0710780926
Urocyon cinereoargenteus,-122.9373633333,39.3130616667
Urocyon cinereoargenteus,-101.4097245202,28.7533475799
Urocyon cinereoargenteus,-78.7474527004,35.46661208
Urocyon cinereoargenteus,-93.63996,35.164324
Urocyon cinereoargenteus,-94.0355593844,44.1407508658
Urocyon cinereoargenteus,-73.3800757068,43.3313609699
Urocyon cinereoargenteus,-84.5451332,42.4873986
Urocyon cinereoargenteus,-98.1280456853,30.4788313242
Urocyon cinereoargenteus,-96.8457422924,32.2346575053
Urocyon cinereoargenteus,-121.9141528,37.8815913
Urocyon cinereoargenteus,-79.0643075278,41.8436558889
Urocyon cinereoargenteus,-82.7119416667,29.6441583333
Urocyon cinereoargenteus,-90.6252286211,18.7946911987
Urocyon cinereoargenteus,-99.4430286254,27.5459670269
Urocyon cinereoargenteus,-80.3021627985,36.2324503364
Urocyon cinereoargenteus,-104.299346471,19.0137533887
Urocyon cinereoargenteus,-98.2664559018,29.884689494
Urocyon cinereoargenteus,-111.1591778,33.2787325
Urocyon cinereoargenteus,-72.8192341419,42.3614727696
Urocyon cinereoargenteus,-120.854155,37.5241669722
Urocyon cinereoargenteus,-123.1212613732,42.7850682149
Urocyon cinereoargenteus,-73.9645183459,4.9507674221
Urocyon cinereoargenteus,-97.6941,32.76505
Urocyon cinereoargenteus,-90.1030225504,47.9662636645
Urocyon cinereoargenteus,-78.1462861111,36.5977111111
Urocyon cinereoargenteus,-100.6725233333,20.0509066667
Urocyon cinereoargenteus,-82.19815,33.5435666667
Urocyon cinereoargenteus,-83.0450655,29.3736667
Urocyon cinereoargenteus,-121.436132975,41.2383138202
Urocyon cinereoargenteus,-104.93747612,38.85461501
Urocyon cinereoargenteus,-85.8824205883,30.6634591803
Urocyon cinereoargenteus,-96.6277708407,19.4017274234
Urocyon cinereoargenteus,-97.0138309007,32.6328605077
Urocyon cinereoargenteus,-101.8769009784,18.8394213574
Urocyon cinereoargenteus,-119.5408138889,38.5142166667
Urocyon cinereoargenteus,-88.5427166667,17.35772
Urocyon cinereoargenteus,-120.689654,38.19995
Urocyon cinereoargenteus,-97.3990962673,33.4316749842
Urocyon cinereoargenteus,-96.3388022035,36.6673329855
Urocyon cinereoargenteus,-71.4557342529,42.6526756287
Urocyon cinereoargenteus,-94.2286747276,34.2903930645
Urocyon cinereoargenteus,-107.5172817194,31.6016262574
Urocyon cinereoargenteus,-112.6937872925,33.9326022122
Urocyon cinereoargenteus,-100.0615443576,21.2465530648
Urocyon cinereoargenteus,-83.0011832605,30.1567810378
Urocyon cinereoargenteus,-122.9299,39.7623366667
Urocyon cinereoargenteus,-97.0771617418,17.9024855503
Urocyon cinereoargenteus,-97.1936856993,16.3992559975
Urocyon cinereoargenteus,-98.8202311099,30.1890542867
Urocyon cinereoargenteus,-81.55307,26.176555
Urocyon cinereoargenteus,-85.403725,32.6126583333
Urocyon cinereoargenteus,-98.0547790527,18.8275318146
Urocyon cinereoargenteus,-105.1969718,32.8910048997
Urocyon cinereoargenteus,-115.956465442,33.6336122407
Urocyon cinereoargenteus,-76.3290902283,34.8329502987
Urocyon cinereoargenteus,-104.1239330732,19.3127253178
Urocyon cinereoargenteus,-78.6421193997,35.9441405
Urocyon cinereoargenteus,-120.502755,39.6849666688
Urocyon cinereoargenteus,-97.6299877548,30.7975095607
Urocyon cinereoargenteus,-101.583691,26.736429
Urocyon cinereoargenteus,-119.0109027833,36.6970833333
Urocyon cinereoargenteus,-72.6289846287,44.7524215768
Urocyon cinereoargenteus,-76.3095333333,36.8677783333
Urocyon cinereoargenteus,-92.0148305166,46.8381429715
Urocyon cinereoargenteus,-77.1396805556,41.7538527778
Urocyon cinereoargenteus,-108.9218490684,25.511237832
Urocyon cinereoargenteus,-118.8069423645,34.8333972115
Urocyon cinereoargenteus,-81.4916616667,39.4331166667
Urocyon cinereoargenteus,-93.0191306166,45.1388258715
Urocyon cinereoargenteus,-98.3628354593,23.6885421169
Urocyon cinereoargenteus,-100.3230553865,26.0494439575
Urocyon cinereoargenteus,-123.4023660486,40.9240418312
Urocyon cinereoargenteus,-97.8139883333,32.24803
Urocyon cinereoargenteus,-98.7785653939,29.6501778734
Urocyon cinereoargenteus,-79.8151305556,33.881225
Urocyon cinereoargenteus,-93.0318129841,44.8731336049
Urocyon cinereoargenteus,-79.9532494,36.5278317
Urocyon cinereoargenteus,-123.0255055,40.5913383333
Urocyon cinereoargenteus,-108.7173084801,37.3269041212
Urocyon cinereoargenteus,-104.9965153543,37.9653388313
Urocyon cinereoargenteus,-100.4541837892,29.6095167925
Urocyon cinereoargenteus,-77.6908116667,42.498455
Urocyon cinereoargenteus,-85.0386388889,35.9756333333
Urocyon cinereoargenteus,-111.6393830544,33.5489860545
Urocyon cinereoargenteus,-78.1814072476,39.4210517429
Urocyon cinereoargenteus,-82.7859001253,28.1550792539
Urocyon cinereoargenteus,-110.9196357429,34.1275821394
Urocyon cinereoargenteus,-96.7304676392,17.0402339127
Urocyon cinereoargenteus,-71.0057527833,41.6810833333
Urocyon cinereoargenteus,-72.6203675196,42.1071639535
Urocyon cinereoargenteus,-89.9674121663,20.1680916176
Urocyon cinereoargenteus,-88.5730543191,35.6040769484
Urocyon cinereoargenteus,-105.5594633333,37.6216866667
Urocyon cinereoargenteus,-97.7262444656,31.4676584609
Urocyon cinereoargenteus,-79.7638594961,41.160031127
Urocyon cinereoargenteus,-97.5632304854,32.3595597925
Urocyon cinereoargenteus,-90.2348087298,18.6457113284
Urocyon cinereoargenteus,-98.7956488221,19.4596167472
Urocyon cinereoargenteus,-87.3216705322,30.6585788727
Urocyon cinereoargenteus,-76.9906255834,36.4690872581
Urocyon cinereoargenteus,-105.8441916667,31.2997166667
Urocyon cinereoargenteus,-121.2241883333,38.97422
Urocyon cinereoargenteus,-107.117388889,27.0972777778
Urocyon cinereoargenteus,-100.594694444,22.0007777778
Urocyon cinereoargenteus,-107.743555556,30.8722222222
Urocyon cinereoargenteus,-102.868138889,27.26725
Urocyon cinereoargenteus,-114.037,27.3621944444
Urocyon cinereoargenteus,-101.853694444,28.2648055556
Urocyon cinereoargenteus,-108.817194444,30.4711388889
Urocyon cinereoargenteus,-100.335527778,19.36825
Urocyon cinereoargenteus,-100.352194444,21.9533333333
Urocyon cinereoargenteus,-108.588194444,31.0654166667
Urocyon cinereoargenteus,-112.625333333,27.5075833333
Urocyon cinereoargenteus,-102.778055556,29.1666666667
Urocyon cinereoargenteus,-113.361277778,31.7526944444
Urocyon cinereoargenteus,-107.497083333,27.8094722222
Urocyon cinereoargenteus,-107.727888889,27.3936388889
Urocyon cinereoargenteus,-109.635527778,28.9903333333
Urocyon cinereoargenteus,-101.502222222,18.7429444444
Urocyon cinereoargenteus,-103.365222222,21.9109444444
Urocyon cinereoargenteus,-72.3061833333,43.7172283333
Urocyon cinereoargenteus,-111.2087398253,32.2695246801
Urocyon cinereoargenteus,-118.4717466667,34.377055
Urocyon cinereoargenteus,-98.1018746851,32.3191929137
Urocyon cinereoargenteus,-73.4173649736,41.9820997024
Urocyon cinereoargenteus,-122.9298693761,43.8951238742
Urocyon cinereoargenteus,-81.3688666667,35.7542083333
Urocyon cinereoargenteus,-76.7282810889,35.5335959278
Urocyon cinereoargenteus,-87.3518968745,21.3058513073
Urocyon cinereoargenteus,-77.3324425,37.5059332
Urocyon cinereoargenteus,-88.737904653,19.7790156446
Urocyon cinereoargenteus,-117.256846558,33.9072056768
Urocyon cinereoargenteus,-75.4061641073,40.8952592102
Urocyon cinereoargenteus,-111.5643719029,33.1298357007
Urocyon cinereoargenteus,-78.47604329,43.0196107226
Urocyon cinereoargenteus,-100.1903786099,22.2671596179
Urocyon cinereoargenteus,-80.5495112,34.9854275
Urocyon cinereoargenteus,-76.9854125977,40.1713447571
Urocyon cinereoargenteus,-95.5012544093,31.5755331062
Urocyon cinereoargenteus,-80.38527,33.8814466667
Urocyon cinereoargenteus,-82.6303992741,41.8019296659
Urocyon cinereoargenteus,-73.7674866759,42.6371278104
Urocyon cinereoargenteus,-101.5825486215,27.8363733377
Urocyon cinereoargenteus,-71.7166212746,42.9565830091
Urocyon cinereoargenteus,-97.436195,30.0361278333
Urocyon cinereoargenteus,-113.055408871,37.3915018649
Urocyon cinereoargenteus,-91.2297796689,17.2880427717
Urocyon cinereoargenteus,-80.8792338792,34.181039524
Urocyon cinereoargenteus,-123.8702569839,40.7725271299
Urocyon cinereoargenteus,-81.9552125975,30.8634532969
Urocyon cinereoargenteus,-78.3923877776,39.6319709758
Urocyon cinereoargenteus,-86.513175852,15.6596550567
Urocyon cinereoargenteus,-88.0107451248,21.6077007869
Urocyon cinereoargenteus,-99.1332508307,19.601559744
Urocyon cinereoargenteus,-94.0900553595,33.8729520219
Urocyon cinereoargenteus,-116.4502722222,33.1083055556
Urocyon cinereoargenteus,-120.9529076117,39.0614124657
Urocyon cinereoargenteus,-90.3483661089,42.7674845647
Urocyon cinereoargenteus,-97.3715238367,30.6703892816
Urocyon cinereoargenteus,-89.4913166667,21.0576638333
Urocyon cinereoargenteus,-103.9445333333,30.5937616667
Urocyon cinereoargenteus,-85.2977739729,34.5526358542
Urocyon cinereoargenteus,-121.6985067353,38.5404441089
Urocyon cinereoargenteus,-77.1852036193,38.5514896989
Urocyon cinereoargenteus,-80.3824755549,36.4502751654
Urocyon cinereoargenteus,-89.5597134033,48.0262688377
Urocyon cinereoargenteus,-93.8922195435,33.0080108643
Urocyon cinereoargenteus,-76.8637161255,38.8370399475
Urocyon cinereoargenteus,-99.4153199722,18.9318939722
Urocyon cinereoargenteus,-76.9797148928,39.0643740354
Urocyon cinereoargenteus,-76.0155500163,36.9065847457
Urocyon cinereoargenteus,-117.9954785027,37.49754158
Urocyon cinereoargenteus,-103.79648,32.65322
Urocyon cinereoargenteus,-93.5743429722,36.133504
Urocyon cinereoargenteus,-99.103137441,30.5973641004
Urocyon cinereoargenteus,-116.9393833333,34.0535721667
Urocyon cinereoargenteus,-109.6994552611,23.4742755889
Urocyon cinereoargenteus,-81.9295401842,33.5226396098
Urocyon cinereoargenteus,-90.8492026981,17.26239553
Urocyon cinereoargenteus,-96.4833223075,17.3160796546
Urocyon cinereoargenteus,-80.829505,26.706105
Urocyon cinereoargenteus,-73.18506072,44.0098180603
Urocyon cinereoargenteus,-96.9276076177,30.9341382433
Urocyon cinereoargenteus,-106.3989416667,35.2261083333
Urocyon cinereoargenteus,-90.4826164673,14.56982474
Urocyon cinereoargenteus,-106.6322222222,35.0813888889
Urocyon cinereoargenteus,-101.1721420278,19.6766281111
Urocyon cinereoargenteus,-80.384752081,28.2078089879
Urocyon cinereoargenteus,-97.9749217812,29.2863534755
Urocyon cinereoargenteus,-96.2925058051,33.2317726255
Urocyon cinereoargenteus,-124.074005127,40.0255203247
Urocyon cinereoargenteus,-89.8937871179,48.2346270034
Urocyon cinereoargenteus,-100.7938805085,20.724628487
Urocyon cinereoargenteus,-120.9322893617,38.073039885
Urocyon cinereoargenteus,-85.905563353,31.782613539
Urocyon cinereoargenteus,-89.5946337968,20.8259995152
Urocyon cinereoargenteus,-96.4726461098,32.902868774
Urocyon cinereoargenteus,-88.9086215571,17.0453308015
Urocyon cinereoargenteus,-92.9455519194,17.8841735744
Urocyon cinereoargenteus,-103.28417914,30.1578227659
Urocyon cinereoargenteus,-91.754315151,35.2498871321
Urocyon cinereoargenteus,-108.9889653494,33.8177591795
Urocyon cinereoargenteus,-98.457717821,16.588462859
Urocyon cinereoargenteus,-112.763941702,32.3377062764
Urocyon cinereoargenteus,-70.8690625864,44.0492058758
Urocyon cinereoargenteus,-113.4266768254,31.4951913825
Urocyon cinereoargenteus,-88.4588123,44.7366925
Urocyon cinereoargenteus,-121.70762,37.6751216667
Urocyon cinereoargenteus,-85.3564068271,31.1277227792
Urocyon cinereoargenteus,-71.6513221991,42.0466703643
Urocyon cinereoargenteus,-121.8946761265,36.6004133952
Urocyon cinereoargenteus,-105.2063735179,35.508111534
Urocyon cinereoargenteus,-91.0684381798,31.0896682447
Urocyon cinereoargenteus,-89.2541759921,48.482947605
Urocyon cinereoargenteus,-103.5989222222,35.172475
Urocyon cinereoargenteus,-83.8094240171,33.8002643232
Urocyon cinereoargenteus,-78.782045,41.1373583333
Urocyon cinereoargenteus,-97.7252665297,33.0747030522
Urocyon cinereoargenteus,-109.3648216667,34.0829083333
Urocyon cinereoargenteus,-114.0268494934,35.270750613
Urocyon cinereoargenteus,-88.1655445758,21.0671608022
Urocyon cinereoargenteus,-96.0815009102,30.4020152879
Urocyon cinereoargenteus,-105.885872223,33.4009262651
Urocyon cinereoargenteus,-107.1890616667,24.8476016667
Urocyon cinereoargenteus,-80.2461714,40.17396
Urocyon cinereoargenteus,-86.7104223316,35.2379910196
Urocyon cinereoargenteus,-98.126504235,30.0802274664
Urocyon cinereoargenteus,-84.1494748881,30.1510201357
Urocyon cinereoargenteus,-92.6696091585,31.2818706271
Urocyon cinereoargenteus,-72.8275916667,42.9204083333
Urocyon cinereoargenteus,-88.5937044024,19.4970345958
Urocyon cinereoargenteus,-107.6794694111,27.6187956301
Urocyon cinereoargenteus,-87.4224013313,35.1078645918
Urocyon cinereoargenteus,-106.1341483333,23.9218383333
Urocyon cinereoargenteus,-106.5545112267,32.3723153546
Urocyon cinereoargenteus,-123.2685445716,42.189925681
Urocyon cinereoargenteus,-79.9292315713,38.7472321136
Urocyon cinereoargenteus,-107.2638571349,33.1164897474
Urocyon cinereoargenteus,-121.5585716667,39.68
Urocyon cinereoargenteus,-95.8039791115,30.3003152283
Urocyon cinereoargenteus,-91.5361168608,37.6678522649
Urocyon cinereoargenteus,-88.3088828546,16.8256328273
Urocyon cinereoargenteus,-121.6352163368,36.1508726441
Urocyon cinereoargenteus,-103.1050631799,29.0443141244
Urocyon cinereoargenteus,-119.9733254713,34.487535837
Urocyon cinereoargenteus,-73.1632,44.9103305556
Urocyon cinereoargenteus,-84.1823874919,9.8995332808
Urocyon cinereoargenteus,-99.8822093048,32.2409921427
Urocyon cinereoargenteus,-99.2726507997,25.6683741
Urocyon cinereoargenteus,-108.3430737054,35.1790054055
Urocyon cinereoargenteus,-89.3070459366,43.1367252867
Urocyon cinereoargenteus,-88.5511862922,48.8155468956
Urocyon cinereoargenteus,-116.2351800717,33.3665442148
Urocyon cinereoargenteus,-88.4619849425,20.436956695
Urocyon cinereoargenteus,-100.0122420117,19.2514273483
Urocyon cinereoargenteus,-123.7952599834,39.4875076046
Urocyon cinereoargenteus,-95.758805,15.9373466667
Urocyon cinereoargenteus,-101.6720931291,35.2351969581
Urocyon cinereoargenteus,-70.8972549098,43.4388139901
Urocyon cinereoargenteus,-89.433175,18.444375
Urocyon cinereoargenteus,-100.6617701054,22.4859160402
Urocyon cinereoargenteus,-98.1097339912,28.973219458
Urocyon cinereoargenteus,-96.3842315674,35.7904624939
Urocyon cinereoargenteus,-110.6957712024,32.3753970386
Urocyon cinereoargenteus,-96.9804385677,36.0578390196
Urocyon cinereoargenteus,-106.6030558499,31.3804232159
Urocyon cinereoargenteus,-84.9054916576,32.0648304322
Urocyon cinereoargenteus,-96.0272382073,34.6458593398
Urocyon cinereoargenteus,-79.5737479778,41.3817753901
Urocyon cinereoargenteus,-75.9275306,43.9941278
Urocyon cinereoargenteus,-90.8697477,15.3504031
Urocyon cinereoargenteus,-103.8782803755,18.9161663465
Urocyon cinereoargenteus,-97.6802594215,18.0256447955
Urocyon cinereoargenteus,-91.6363484171,45.565052574
Urocyon cinereoargenteus,-75.873858693,36.3294947349
Urocyon cinereoargenteus,-95.1682299815,31.6365490869
Urocyon cinereoargenteus,-88.9568105457,14.4548786669
Urocyon cinereoargenteus,-84.1503431874,33.9496607702
Urocyon cinereoargenteus,-87.4623774037,34.0118505179
Urocyon cinereoargenteus,-116.4918966667,32.8196416667
Urocyon cinereoargenteus,-83.3817351939,30.8584539789
Urocyon cinereoargenteus,-116.1066055298,35.1474243605
Urocyon cinereoargenteus,-98.9508676481,32.8137912065
Urocyon cinereoargenteus,-112.0886102405,36.0598090971
Urocyon cinereoargenteus,-122.8395894282,44.6101149855
Urocyon cinereoargenteus,-109.4459833333,23.43323
Urocyon cinereoargenteus,-73.7210579722,42.868369
Urocyon cinereoargenteus,-80.1291218417,25.9536541576
Urocyon cinereoargenteus,-123.7032078579,38.9588938925
Urocyon cinereoargenteus,-110.1184287599,31.0631789498
Urocyon cinereoargenteus,-94.8170477136,34.3020511911
Urocyon cinereoargenteus,-97.6703637466,31.0386881304
Urocyon cinereoargenteus,-77.6849130124,39.6885235875
Urocyon cinereoargenteus,-99.6819002866,32.7358172743
Urocyon cinereoargenteus,-84.3696890389,29.9184843191
Urocyon cinereoargenteus,-111.6804319818,35.1691256068
Urocyon cinereoargenteus,-122.7235291193,38.7599203425
Urocyon cinereoargenteus,-101.9584529798,30.9424149006
Urocyon cinereoargenteus,-99.8262033333,30.0269555
Urocyon cinereoargenteus,-76.1309093961,43.0172165196
Urocyon cinereoargenteus,-87.4901966667,33.2074166667
Urocyon cinereoargenteus,-72.1815766667,42.5062333333
Urocyon cinereoargenteus,-111.5358366667,25.74497
Urocyon cinereoargenteus,-121.8857951913,40.4241783223
Urocyon cinereoargenteus,-80.0371307757,33.1745016282
Urocyon cinereoargenteus,-106.1938269513,27.603416785
Urocyon cinereoargenteus,-109.8689077973,23.2176411068
Urocyon cinereoargenteus,-92.8967061274,38.1598839001
Urocyon cinereoargenteus,-122.0228877291,38.4902003295
Urocyon cinereoargenteus,-122.8214355844,40.7716719526
Urocyon cinereoargenteus,-84.6636298151,32.7760370353
Urocyon cinereoargenteus,-111.9536533333,27.0691
Urocyon cinereoargenteus,-77.0822404267,42.1161159477
Urocyon cinereoargenteus,-110.7884664145,34.3388683189
Urocyon cinereoargenteus,-97.7883016937,31.9727785133
Urocyon cinereoargenteus,-105.1450283333,20.7973983333
Urocyon cinereoargenteus,-113.1783463954,33.007196992
Urocyon cinereoargenteus,-94.3021605538,46.351968041
Urocyon cinereoargenteus,-92.321476447,34.611157985
Urocyon cinereoargenteus,-108.3342772229,31.1454734992
Urocyon cinereoargenteus,-73.8146305556,44.7415117778
Urocyon cinereoargenteus,-89.4562301389,13.4978723333
Urocyon cinereoargenteus,-122.7623141104,38.9889770082
Urocyon cinereoargenteus,-87.8487914603,18.3130483971
Urocyon cinereoargenteus,-91.7001429722,16.3955699722
Urocyon cinereoargenteus,-84.0733945,33.5913383333
Urocyon cinereoargenteus,-82.0957204879,33.7640608323
Urocyon cinereoargenteus,-121.7975205267,37.0174469853
Urocyon cinereoargenteus,-119.7150923232,39.4380395737
Urocyon cinereoargenteus,-79.0608793359,35.9420012442
Urocyon cinereoargenteus,-111.151539,28.307455
Urocyon cinereoargenteus,-115.5737388889,31.045275
Urocyon cinereoargenteus,-122.19377,39.59315
Urocyon cinereoargenteus,-122.46738,38.96606
Urocyon cinereoargenteus,-119.257565353,37.1918153413
Urocyon cinereoargenteus,-89.5184606686,18.8576554784
Urocyon cinereoargenteus,-103.3496094123,20.6596764289
Urocyon cinereoargenteus,-105.0038897222,25.4669263889
Urocyon cinereoargenteus,-121.5065106932,41.7133784346
Urocyon cinereoargenteus,-98.2481421077,31.6346410633
Urocyon cinereoargenteus,-81.4760262243,40.1590871277
Urocyon cinereoargenteus,-83.4064790997,32.9305323
Urocyon cinereoargenteus,-75.1528501696,39.7490270172
Urocyon cinereoargenteus,-113.5491633333,28.9295
Urocyon cinereoargenteus,-98.5586937616,23.8347030008
Urocyon cinereoargenteus,-106.3358315439,35.6482773041
Urocyon cinereoargenteus,-97.6381,29.6746116667
Urocyon cinereoargenteus,-100.5080343,31.4638985
Urocyon cinereoargenteus,-100.1579317135,25.4666589683
Urocyon cinereoargenteus,-87.451755,14.285213
Urocyon cinereoargenteus,-110.359023,32.920776
Urocyon cinereoargenteus,-117.4092000819,33.6814323955
Urocyon cinereoargenteus,-89.2984299382,14.4403839959
Urocyon cinereoargenteus,-76.5836,36.7282
Urocyon cinereoargenteus,-122.1324466323,41.2561797676
Urocyon cinereoargenteus,-94.1964000278,16.3058476389
Urocyon cinereoargenteus,-96.9885023012,28.1339954863
Urocyon cinereoargenteus,-97.6677784324,34.983161846
Urocyon cinereoargenteus,-93.251718,35.228017
Urocyon cinereoargenteus,-97.1464482283,33.209295503
Urocyon cinereoargenteus,-71.5502893175,44.27960381
Urocyon cinereoargenteus,-76.2117261155,42.6283365383
Urocyon cinereoargenteus,-96.8520675321,18.1412003912
Urocyon cinereoargenteus,-124.0691971667,41.3850866667
Urocyon cinereoargenteus,-93.7451701239,16.1297579606
Urocyon cinereoargenteus,-81.1089897007,35.9727501655
Urocyon cinereoargenteus,-99.105678834,23.1736789159
Urocyon cinereoargenteus,-95.4404178303,30.448762968
Urocyon cinereoargenteus,-101.0526263364,21.9161969571
Urocyon cinereoargenteus,-115.9399595484,36.1163664792
Urocyon cinereoargenteus,-73.9443001,44.2460758
Urocyon cinereoargenteus,-109.1160752021,31.898186703
Urocyon cinereoargenteus,-76.4360284596,42.2655137068
Urocyon cinereoargenteus,-94.4097613292,35.357459393
Urocyon cinereoargenteus,-104.3161014,21.6820962
Urocyon cinereoargenteus,-110.91613825,31.3648829722
Urocyon cinereoargenteus,-124.1154361111,43.9263444444
Urocyon cinereoargenteus,-123.0252076128,38.7971490389
Urocyon cinereoargenteus,-89.6537644803,18.5315886939
Urocyon cinereoargenteus,-97.1316580394,17.6539828624
Urocyon cinereoargenteus,-71.9504977226,44.6297812171
Urocyon cinereoargenteus,-100.5466936552,20.8176463505
Urocyon cinereoargenteus,-79.4768533333,34.745005
Urocyon cinereoargenteus,-73.4502025884,44.560133202
Urocyon cinereoargenteus,-123.924345,40.35468
Urocyon cinereoargenteus,-74.1544324551,41.9328867422
Urocyon cinereoargenteus,-124.2046555556,40.696675
Urocyon cinereoargenteus,-93.2060163,37.0208865
Urocyon cinereoargenteus,-120.0952142369,37.4032359931
Urocyon cinereoargenteus,-89.8566552266,34.0695750002
Urocyon cinereoargenteus,-78.923370939,36.1910737911
Urocyon cinereoargenteus,-84.1081294658,36.4671080702
Urocyon cinereoargenteus,-108.3477410735,29.6898336889
Urocyon cinereoargenteus,-109.7089024558,38.5674225752
Urocyon cinereoargenteus,-99.2809829106,28.8091939974
Urocyon cinereoargenteus,-106.7266528502,25.0360411901
Urocyon cinereoargenteus,-88.986661,13.742693
Urocyon cinereoargenteus,-82.1985098663,35.8144966614
Urocyon cinereoargenteus,-98.52042,30.15821
Urocyon cinereoargenteus,-80.8927883173,38.7392478719
Urocyon cinereoargenteus,-100.4995145826,31.2033482327
Urocyon cinereoargenteus,-120.35595,37.295736
Urocyon cinereoargenteus,-101.7688916667,23.4402611111
Urocyon cinereoargenteus,-92.7427315,35.15385
Urocyon cinereoargenteus,-120.6885835703,39.2873958092
Urocyon cinereoargenteus,-72.4850470573,42.5824217108
Urocyon cinereoargenteus,-72.9551476075,5.6623036908
Urocyon cinereoargenteus,-72.6090399537,43.5976467071
Urocyon cinereoargenteus,-115.3993766957,35.1489326743
Urocyon cinereoargenteus,-91.3457096863,37.0474201726
Urocyon cinereoargenteus,-92.9821616667,16.6902616667
Urocyon cinereoargenteus,-99.4172973839,32.3936392854
Urocyon cinereoargenteus,-76.8376298797,39.4038718473
Urocyon cinereoargenteus,-76.0001966357,43.2478429773
Urocyon cinereoargenteus,-77.4396666667,35.5384333333
Urocyon cinereoargenteus,-87.6944366667,32.5178633333
Urocyon cinereoargenteus,-99.2133641616,19.2467455194
Urocyon cinereoargenteus,-109.680345,29.8105
Urocyon cinereoargenteus,-118.6448974609,35.226398468
Urocyon cinereoargenteus,-88.2913822645,13.4831636377
Urocyon cinereoargenteus,-117.2628283873,34.2385517088
Urocyon cinereoargenteus,-92.3232191988,15.5662768994
Urocyon cinereoargenteus,-113.7415833333,36.67985
Urocyon cinereoargenteus,-80.87200284,33.4965684975
Urocyon cinereoargenteus,-89.0507833333,17.8355866667
Urocyon cinereoargenteus,-101.7602845379,21.7014067092
Urocyon cinereoargenteus,-99.5310667902,17.6858134227
Urocyon cinereoargenteus,-97.457031574,17.4336800139
Urocyon cinereoargenteus,-87.928577587,14.9470718464
Urocyon cinereoargenteus,-102.0883221667,31.1514138333
Urocyon cinereoargenteus,-95.291851,32.471006
Urocyon cinereoargenteus,-113.7448019219,37.2680767648
Urocyon cinereoargenteus,-74.5267357622,39.7734317082
Urocyon cinereoargenteus,-96.42803414,19.67932702
Urocyon cinereoargenteus,-101.7433808333,25.4960108333
Urocyon cinereoargenteus,-106.32738667,34.76693333
Urocyon cinereoargenteus,-81.0273443162,33.8567833162
Urocyon cinereoargenteus,-86.2384863607,11.6419124479
Urocyon cinereoargenteus,-121.242455,38.0859861667
Urocyon cinereoargenteus,-70.9735461451,42.807218162
Urocyon cinereoargenteus,-99.0506016844,24.6988164455
Urocyon cinereoargenteus,-99.6596207097,21.0989220834
Urocyon cinereoargenteus,-84.2461063974,36.0349047201
Urocyon cinereoargenteus,-110.7375633333,31.55267
Urocyon cinereoargenteus,-108.2364516913,36.7252620567
Urocyon cinereoargenteus,-100.0407111667,25.2436583333
Urocyon cinereoargenteus,-97.1538347632,29.9577718758
Urocyon cinereoargenteus,-91.4646392228,17.9070735647
Urocyon cinereoargenteus,-95.1115341,16.8013227
Urocyon cinereoargenteus,-84.3457045819,30.4085809591
Urocyon cinereoargenteus,-96.7773416396,31.8630917545
Urocyon cinereoargenteus,-83.9229347929,31.2200185395
Urocyon cinereoargenteus,-96.6298229379,16.3008954568
Urocyon cinereoargenteus,-115.3332445711,36.2350474397
Urocyon cinereoargenteus,-76.8490472222,42.9609305556
Urocyon cinereoargenteus,-94.6375583333,31.6166833333
Urocyon cinereoargenteus,-80.4190893353,35.975095317
Urocyon cinereoargenteus,-122.2743166667,38.72605
Urocyon cinereoargenteus,-76.506831317,42.9457767609
Urocyon cinereoargenteus,-99.1221313963,26.0995957019
Urocyon cinereoargenteus,-89.1112594604,17.5390834808
Urocyon cinereoargenteus,-80.0881194,34.7359889
Urocyon cinereoargenteus,-89.9225216667,17.75432
Urocyon cinereoargenteus,-119.7164187222,34.5947546624
Urocyon cinereoargenteus,-100.077029,29.932709
Urocyon cinereoargenteus,-119.1524278333,38.0413138333
Urocyon cinereoargenteus,-88.6633992568,20.7051925308
Urocyon cinereoargenteus,-101.362350465,19.4770968633
Urocyon cinereoargenteus,-80.7829744342,34.8607206108
Urocyon cinereoargenteus,-107.868517476,25.1924548236
Urocyon cinereoargenteus,-101.30308895,20.9820553
Urocyon cinereoargenteus,-82.9000750557,32.1425626307
Urocyon cinereoargenteus,-97.992194937,31.766701257
Urocyon cinereoargenteus,-102.1061119683,32.0489083059
Urocyon cinereoargenteus,-86.8025887758,33.460329334
Urocyon cinereoargenteus,-82.3062603098,35.6036319566
Urocyon cinereoargenteus,-98.7357274,20.1007468
Urocyon cinereoargenteus,-100.8367407555,25.7531625175
Urocyon cinereoargenteus,-97.1109347761,32.9755505227
Urocyon cinereoargenteus,-109.3545916667,32.01174445
Urocyon cinereoargenteus,-87.9135290533,21.1547271836
Urocyon cinereoargenteus,-103.0087685529,30.8021049172
Urocyon cinereoargenteus,-87.2068866667,30.442455
Urocyon cinereoargenteus,-99.2179398812,32.9249724324
Urocyon cinereoargenteus,-101.4826966667,32.0372195
Urocyon cinereoargenteus,-89.6293052272,21.2741946415
Urocyon cinereoargenteus,-83.888605754,32.8491628188
Urocyon cinereoargenteus,-98.8663670869,18.7805007301
Urocyon cinereoargenteus,-119.20698327,34.299854363
Urocyon cinereoargenteus,-99.9283478782,20.9067459835
Urocyon cinereoargenteus,-103.7172484025,19.0899623653
Urocyon cinereoargenteus,-97.4666133988,31.3342446313
Urocyon cinereoargenteus,-87.0982445,14.0455945
Urocyon cinereoargenteus,-100.615109,27.515411
Urocyon cinereoargenteus,-82.4160597976,28.4413103953
Urocyon cinereoargenteus,-119.3090306743,34.6360353986
Urocyon cinereoargenteus,-97.7587185009,30.4178797015
Urocyon cinereoargenteus,-78.3964369074,40.3399258707
Urocyon cinereoargenteus,-100.161608,30.764473
Urocyon cinereoargenteus,-98.3227537572,29.6398148077
Urocyon cinereoargenteus,-122.2531283333,37.8741333333
Urocyon cinereoargenteus,-97.3936442658,35.8129449169
Urocyon cinereoargenteus,-93.4269749722,44.8128689722
Urocyon cinereoargenteus,-87.9954282939,20.8677538008
Urocyon cinereoargenteus,-99.0717149775,29.6396298064
Urocyon cinereoargenteus,-109.9240577807,31.9148681124
Urocyon cinereoargenteus,-98.960715,19.17114644
Urocyon cinereoargenteus,-110.9395833333,29.1461805
Urocyon cinereoargenteus,-124.1496266853,41.0518056911
Urocyon cinereoargenteus,-100.3401305549,20.3501726992
Urocyon cinereoargenteus,-85.6047587997,10.9201642
Urocyon cinereoargenteus,-122.9392866667,42.1218416667
Urocyon cinereoargenteus,-121.4345333333,36.772675
Urocyon cinereoargenteus,-98.2221866712,22.5054948216
Urocyon cinereoargenteus,-69.1332921388,44.0069897282
Urocyon cinereoargenteus,-87.0986340567,13.6424722553
Urocyon cinereoargenteus,-101.7721609094,23.8947497002
Urocyon cinereoargenteus,-102.1737163568,25.4571750424
Urocyon cinereoargenteus,-116.5732533478,33.8024356684
Urocyon cinereoargenteus,-100.7883357534,31.7091163605
Urocyon cinereoargenteus,-122.85865,38.5162694444
Urocyon cinereoargenteus,-98.9533998873,22.2395633419
Urocyon cinereoargenteus,-116.5668772071,34.0511745264
Urocyon cinereoargenteus,-79.1649910301,35.7249261287
Urocyon cinereoargenteus,-122.1290123463,40.6878895835
Urocyon cinereoargenteus,-82.1778281215,39.2313050826
Urocyon cinereoargenteus,-108.2009223911,30.3852266513
Urocyon cinereoargenteus,-93.0626401601,32.494608053
Urocyon cinereoargenteus,-121.9804527778,37.1996305556
Urocyon cinereoargenteus,-83.1085089439,33.8682993691
Urocyon cinereoargenteus,-92.55493,47.2828616667
Urocyon cinereoargenteus,-83.9010166667,30.0700361111
Urocyon cinereoargenteus,-104.1094444872,29.4995339978
Urocyon cinereoargenteus,-123.159125,42.4013133333
Urocyon cinereoargenteus,-106.98492808,24.38937495
Urocyon cinereoargenteus,-71.798905,42.331045
Urocyon cinereoargenteus,-100.8521069494,33.4804029158
Urocyon cinereoargenteus,-116.860422,33.455507
Urocyon cinereoargenteus,-77.810342926,37.6674469152
Urocyon cinereoargenteus,-121.3124117534,38.6974533933
Urocyon cinereoargenteus,-100.5921074376,25.8108368686
Urocyon cinereoargenteus,-98.7312377998,26.0814782212
Urocyon cinereoargenteus,-115.7616869445,33.829896383
Urocyon cinereoargenteus,-120.33180935,34.61390334
Urocyon cinereoargenteus,-87.0189908892,14.2878197368
Urocyon cinereoargenteus,-82.5875268784,28.8007548172
Urocyon cinereoargenteus,-96.9661252946,15.8546475717
Urocyon cinereoargenteus,-89.6788480505,18.1991049473
Urocyon cinereoargenteus,-117.7178333333,33.7370027778
Urocyon cinereoargenteus,-103.3305324358,20.1807878738
Urocyon cinereoargenteus,-104.9156384703,38.5899299077
Urocyon cinereoargenteus,-90.4462723061,15.4190186727
Urocyon cinereoargenteus,-110.3720764972,31.5878360509
Urocyon cinereoargenteus,-121.2616911096,35.6644190137
Urocyon cinereoargenteus,-70.3427734375,43.9268798828
Urocyon cinereoargenteus,-71.0625305,42.4833416667
Urocyon cinereoargenteus,-87.1767393127,20.9535113891
Urocyon cinereoargenteus,-109.5647545653,23.1156599614
Urocyon cinereoargenteus,-121.799066943,37.3965279181
Urocyon cinereoargenteus,-99.5009385422,20.0220140735
Urocyon cinereoargenteus,-72.2493445873,45.142259951
Urocyon cinereoargenteus,-85.1993039515,34.835252253
Urocyon cinereoargenteus,-120.56522185,38.74027495
Urocyon cinereoargenteus,-76.356754808,40.4011823788
Urocyon cinereoargenteus,-102.0674212889,27.0132816721
Urocyon cinereoargenteus,-123.2580612258,39.7281413492
Urocyon cinereoargenteus,-81.648108336,40.8877643416
Urocyon cinereoargenteus,-105.62233,36.6166283333
Urocyon cinereoargenteus,-70.7190484,43.1026325997
Urocyon cinereoargenteus,-108.4497316001,33.7482972
Urocyon cinereoargenteus,-97.5273426389,19.8219704444
Urocyon cinereoargenteus,-85.302974,29.8118757
Urocyon cinereoargenteus,-79.2298133333,35.420595
Urocyon cinereoargenteus,-118.9302275382,36.2039456755
Urocyon cinereoargenteus,-91.5830390125,14.8183316059
Urocyon cinereoargenteus,-105.2084869,27.265784
Urocyon cinereoargenteus,-94.5075491211,32.5924918804
Urocyon cinereoargenteus,-111.5038105258,35.3790644392
Urocyon cinereoargenteus,-71.8985833333,45.4158888889
Urocyon cinereoargenteus,-87.1814337537,33.2071857399
Urocyon cinereoargenteus,-69.29049667,44.60497167
Urocyon cinereoargenteus,-72.579583931,43.3536780636
Urocyon cinereoargenteus,-87.373388,44.949517
Urocyon cinereoargenteus,-101.5936783944,19.7090215352
Urocyon cinereoargenteus,-122.324411,44.154074
Urocyon cinereoargenteus,-103.5343333333,37.9130633333
Urocyon cinereoargenteus,-122.6847425832,38.2954347576
Urocyon cinereoargenteus,-99.5772105905,17.386862579
Urocyon cinereoargenteus,-121.3762243229,37.2315250131
Urocyon cinereoargenteus,-103.183605,34.4093866667
Urocyon cinereoargenteus,-119.5093066064,37.0640303325
Urocyon cinereoargenteus,-103.7691285935,19.9779406482
Urocyon cinereoargenteus,-117.85999445,34.4328416667
Urocyon cinereoargenteus,-93.4964166954,37.322842376
Urocyon cinereoargenteus,-106.7910129949,32.2670188936
Urocyon cinereoargenteus,-107.9016252985,32.8513585088
Urocyon cinereoargenteus,-104.9217216667,39.1152445
Urocyon cinereoargenteus,-105.4925429071,35.3691925055
Urocyon cinereoargenteus,-104.512260437,36.7838287354
Urocyon cinereoargenteus,-92.446573,38.9462283
Urocyon cinereoargenteus,-122.7177453873,44.9142564698
Urocyon cinereoargenteus,-124.0383276,41.8797318
Urocyon cinereoargenteus,-70.3001466667,43.6193
Urocyon cinereoargenteus,-109.1623099366,25.9913435235
Urocyon cinereoargenteus,-100.8864949,25.3529158997
Urocyon cinereoargenteus,-123.3909133333,41.7780333333
Urocyon cinereoargenteus,-118.5077971865,35.0287479431
Urocyon cinereoargenteus,-76.0338485,40.95801885
Urocyon cinereoargenteus,-123.7131437659,39.2642480262
Urocyon cinereoargenteus,-73.3335290419,43.6071535299
Urocyon cinereoargenteus,-94.8478309222,31.2927768981
Urocyon cinereoargenteus,-73.4140120422,41.7533458966
Urocyon cinereoargenteus,-100.5676913816,30.3609831534
Urocyon cinereoargenteus,-82.2496157801,33.957625039
Urocyon cinereoargenteus,-116.8567407894,32.189120015
Urocyon cinereoargenteus,-101.7659583333,21.08211
Urocyon cinereoargenteus,-89.9306574611,19.0442100779
Urocyon cinereoargenteus,-95.1682297496,47.1102849153
Urocyon cinereoargenteus,-79.5587168698,41.6452208371
Urocyon cinereoargenteus,-72.5463751093,43.0889770156
Urocyon cinereoargenteus,-117.2900792957,33.0375198322
Urocyon cinereoargenteus,-72.3435647,44.6419597
Urocyon cinereoargenteus,-84.0206647072,31.6128288334
Urocyon cinereoargenteus,-83.3220083333,34.5466888889
Urocyon cinereoargenteus,-79.0086424,34.6182199
Urocyon cinereoargenteus,-100.8998158202,21.4787777515
Urocyon cinereoargenteus,-82.4434453974,36.1227845241
Urocyon cinereoargenteus,-80.07843,26.939069
Urocyon cinereoargenteus,-85.8438888889,35.2480555556
Urocyon cinereoargenteus,-123.3892883333,39.4253783333
Urocyon cinereoargenteus,-88.572296483,14.7358910424
Urocyon cinereoargenteus,-91.1624805092,35.1119271283
Urocyon cinereoargenteus,-122.480879944,37.5113995157
Urocyon cinereoargenteus,-76.0885242119,36.6182930216
Urocyon cinereoargenteus,-78.6465192622,34.8079332846
Urocyon cinereoargenteus,-99.8024261044,20.6852872916
Urocyon cinereoargenteus,-116.0758700967,32.6658396744
Urocyon cinereoargenteus,-93.4195889444,32.6661837778
Urocyon cinereoargenteus,-75.9387823611,42.0452938333
Urocyon cinereoargenteus,-74.1529312134,42.4112663269
Urocyon cinereoargenteus,-110.3481173725,31.8360389533
Urocyon cinereoargenteus,-99.8292420265,20.1263700516
Urocyon cinereoargenteus,-84.5458824327,34.1792414846
Urocyon cinereoargenteus,-97.6217426732,16.8659452873
Urocyon cinereoargenteus,-83.8490761444,9.9800251934
Urocyon cinereoargenteus,-120.3025576006,40.6907297782
Urocyon cinereoargenteus,-98.4216468064,32.1888358821
Urocyon cinereoargenteus,-116.1070361997,34.1095447
Urocyon cinereoargenteus,-116.5707543931,32.5405845626
Urocyon cinereoargenteus,-116.2026554401,32.4021678897
Urocyon cinereoargenteus,-76.1766313389,35.4512642827
Urocyon cinereoargenteus,-83.7398910762,32.0060511595
Urocyon cinereoargenteus,-73.116703258,43.0900865291
Urocyon cinereoargenteus,-97.8264751706,28.9657169802
Urocyon cinereoargenteus,-83.6999063576,30.8431663414
Urocyon cinereoargenteus,-85.5492823693,42.93613
Urocyon cinereoargenteus,-97.3294927954,32.7634424821
Urocyon cinereoargenteus,-97.4025893842,30.3076833838
Urocyon cinereoargenteus,-80.1214675903,38.1135292053
Urocyon cinereoargenteus,-96.2581617839,16.1135383723
Urocyon cinereoargenteus,-92.4581183786,35.0830935365
Urocyon cinereoargenteus,-96.901433,17.710224
Urocyon cinereoargenteus,-87.7164833333,31.8682166667
Urocyon cinereoargenteus,-86.3585899854,12.245998153
Urocyon cinereoargenteus,-74.3570055639,40.3775929644
Urocyon cinereoargenteus,-73.6915283333,43.3519133333
Urocyon cinereoargenteus,-89.14354,20.0931666667
Urocyon cinereoargenteus,-86.6833228,33.6889908
Urocyon cinereoargenteus,-121.2980183959,36.2693499753
Urocyon cinereoargenteus,-80.5488395862,37.3702856738
Urocyon cinereoargenteus,-83.0655278333,42.3217283333
Urocyon cinereoargenteus,-91.526855,36.3214866667
Urocyon cinereoargenteus,-93.472531,16.0554319722
Urocyon cinereoargenteus,-75.6580799555,38.3506695935
Urocyon cinereoargenteus,-82.197013855,35.2500076294
Urocyon cinereoargenteus,-88.654550299,17.7586490671
Urocyon cinereoargenteus,-85.5799563,33.4434448
Urocyon cinereoargenteus,-94.2352066934,33.2346863596
Urocyon cinereoargenteus,-120.0561796383,34.7466546792
Urocyon cinereoargenteus,-81.7952632202,36.2332814279
Urocyon cinereoargenteus,-118.4085152811,37.3630592278
Urocyon cinereoargenteus,-84.417035915,33.3342065339
Urocyon cinereoargenteus,-87.6839527488,20.4816309271
Urocyon cinereoargenteus,-97.0601806641,30.334985733
Urocyon cinereoargenteus,-96.7780424282,32.5159045815
Urocyon cinereoargenteus,-77.3428358681,37.1777372895
Urocyon cinereoargenteus,-83.6705781342,35.7489714648
Urocyon cinereoargenteus,-75.509175,39.023469
Urocyon cinereoargenteus,-72.5933577307,41.4056901259
Urocyon cinereoargenteus,-88.454756845,34.8639891219
Urocyon cinereoargenteus,-72.2775766893,41.786044968
Urocyon cinereoargenteus,-110.056319,29.062732
Urocyon cinereoargenteus,-120.9506295,35.7584608
Urocyon cinereoargenteus,-121.461337122,40.7509992316
Urocyon cinereoargenteus,-107.8761767596,37.0458704868
Urocyon cinereoargenteus,-74.353737509,41.2352635194
Urocyon cinereoargenteus,-100.422391461,19.9974647049
Urocyon cinereoargenteus,-79.3399097179,42.455995609
Urocyon cinereoargenteus,-96.7738428,32.95471045
Urocyon cinereoargenteus,-96.4368912578,33.4834375308
Urocyon cinereoargenteus,-108.5921603217,29.8760236336
Urocyon cinereoargenteus,-85.5911440775,10.2854692178
Urocyon cinereoargenteus,-120.0762415077,37.0163850414
Urocyon cinereoargenteus,-78.8471309139,38.1021976936
Urocyon cinereoargenteus,-96.53877695,28.96370354
Urocyon cinereoargenteus,-86.2162499875,32.4971252724
Urocyon cinereoargenteus,-100.7972941211,32.896834482
Urocyon cinereoargenteus,-117.245789328,32.6972561714
Urocyon cinereoargenteus,-108.0810960286,27.561196174
Urocyon cinereoargenteus,-97.2301964287,27.8304495231
Urocyon cinereoargenteus,-90.19703667,20.79688667
Urocyon cinereoargenteus,-94.202723786,31.0782436921
Urocyon cinereoargenteus,-105.4589388889,40.72715
Urocyon cinereoargenteus,-97.99855,34.4378283333
Urocyon cinereoargenteus,-97.3925216731,20.9633106069
Urocyon cinereoargenteus,-101.6551619,21.2901819
Urocyon cinereoargenteus,-96.195535033,16.7335481319
Urocyon cinereoargenteus,-122.55562,38.0868945
Urocyon cinereoargenteus,-81.4833833333,38.39973
Urocyon cinereoargenteus,-80.635849427,27.0268743847
Urocyon cinereoargenteus,-106.4310444,23.30855639
Urocyon cinereoargenteus,-106.7473375819,24.5463544487
Urocyon cinereoargenteus,-105.4899972659,20.7924043129
Urocyon cinereoargenteus,-109.1915035131,28.9679906708
Urocyon cinereoargenteus,-94.184655,46.710275
Urocyon cinereoargenteus,-80.9104632029,35.385207941
Urocyon cinereoargenteus,-93.3751365741,45.1823839104
Urocyon cinereoargenteus,-83.7031029722,42.0892449722
Urocyon cinereoargenteus,-101.5716527126,24.6840513009
Urocyon cinereoargenteus,-93.1873014019,33.3457909686
Urocyon cinereoargenteus,-112.03815,26.325
Urocyon cinereoargenteus,-80.8907917485,41.6368186127
Urocyon cinereoargenteus,-103.57099,30.049435
Urocyon cinereoargenteus,-82.4448095663,39.4993965463
Urocyon cinereoargenteus,-93.1619720459,47.2485122681
Urocyon cinereoargenteus,-107.5451283333,25.0325966667
Urocyon cinereoargenteus,-106.259471,31.764787
Urocyon cinereoargenteus,-121.8360666667,39.7770083333
Urocyon cinereoargenteus,-100.7008820829,20.4088509703
Urocyon cinereoargenteus,-83.073446238,36.2646612346
Urocyon cinereoargenteus,-89.5643416667,20.5760116667
Urocyon cinereoargenteus,-93.0453190953,15.8373067805
Urocyon cinereoargenteus,-77.4141805317,36.1444628467
Urocyon cinereoargenteus,-116.501232,33.579883
Urocyon cinereoargenteus,-93.445854038,16.3578854792
Urocyon cinereoargenteus,-89.7772964251,20.9751689681
Urocyon cinereoargenteus,-90.1181311905,17.5726153475
Urocyon cinereoargenteus,-80.1704964648,39.3998492596
Urocyon cinereoargenteus,-98.699045,30.663295
Urocyon cinereoargenteus,-86.6468588635,34.5311898664
Urocyon cinereoargenteus,-80.4825860379,8.016175912
Urocyon cinereoargenteus,-112.7149809967,32.0763562417
Urocyon cinereoargenteus,-83.2322916667,30.2627
Urocyon cinereoargenteus,-70.200894547,44.1369349063
Urocyon cinereoargenteus,-101.3395110504,26.8545235261
Urocyon cinereoargenteus,-78.384222798,35.4396987736
Urocyon cinereoargenteus,-115.4729036032,29.8226617314
Urocyon cinereoargenteus,-109.9031349497,37.3767551408
Urocyon cinereoargenteus,-106.4852676541,28.7920493147
Urocyon cinereoargenteus,-73.0199109597,43.8057110617
Urocyon cinereoargenteus,-93.2700416073,16.8260415222
Urocyon cinereoargenteus,-81.8134216667,36.8507833333
Urocyon cinereoargenteus,-85.4015960693,9.8578872681
Urocyon cinereoargenteus,-120.9452018832,38.7133292499
Urocyon cinereoargenteus,-104.0512212189,30.9382774874
Urocyon cinereoargenteus,-89.6935498962,14.3343451519
Urocyon cinereoargenteus,-112.6937886799,39.8605326001
Urocyon cinereoargenteus,-110.0062145803,37.6329184346
Urocyon cinereoargenteus,-71.4899027535,42.3736973573
Urocyon cinereoargenteus,-100.287103157,30.4791633971
Urocyon cinereoargenteus,-73.1821623,42.311782
Urocyon cinereoargenteus,-90.9864934,30.3481496
Urocyon cinereoargenteus,-90.5607908782,14.3264247129
Urocyon cinereoargenteus,-86.8058755306,21.1985045309
Urocyon cinereoargenteus,-89.34413,34.58886
Urocyon cinereoargenteus,-92.808725,15.6571643
Urocyon cinereoargenteus,-93.0551795,34.5037004
Urocyon cinereoargenteus,-121.8036852032,42.2345309678
Urocyon cinereoargenteus,-110.0432525126,34.2346317882
Urocyon cinereoargenteus,-90.230759,15.783471
Urocyon cinereoargenteus,-101.9074745715,30.3783917539
Urocyon cinereoargenteus,-76.2414433576,44.2197947332
Urocyon cinereoargenteus,-99.8542416667,20.364345
Urocyon cinereoargenteus,-98.5103216667,33.97107
Urocyon cinereoargenteus,-82.3618670382,30.8275272926
Urocyon cinereoargenteus,-87.3760157759,36.5233264025
Urocyon cinereoargenteus,-123.3379635943,44.1260289586
Urocyon cinereoargenteus,-105.0447474084,37.5223081433
Urocyon cinereoargenteus,-106.139075,28.5908216667
Urocyon cinereoargenteus,-86.8226287422,20.8711309049
Urocyon cinereoargenteus,-92.6039512083,16.6919205614
Urocyon cinereoargenteus,-94.9258163717,16.4651867975
Urocyon cinereoargenteus,-88.767166496,18.6457353118
Urocyon cinereoargenteus,-75.28955725,41.14708606
Urocyon cinereoargenteus,-109.2451697728,37.6359045552
Urocyon cinereoargenteus,-89.3562077446,20.2372746106
Urocyon cinereoargenteus,-104.4654994862,32.1117509171
Urocyon cinereoargenteus,-119.5871401951,36.8278416806
Urocyon cinereoargenteus,-84.8196022239,29.8088425511
Urocyon cinereoargenteus,-85.1680489072,30.0298326323
Urocyon cinereoargenteus,-99.2884798212,34.6502406455
Urocyon cinereoargenteus,-88.1727605364,18.3266432351
Urocyon cinereoargenteus,-109.2388899464,31.1310703492
Urocyon cinereoargenteus,-105.378525,28.3061116667
Urocyon cinereoargenteus,-103.5536299222,19.337580477
Urocyon cinereoargenteus,-117.9754416667,35.3883533333
Urocyon cinereoargenteus,-103.3410387486,33.6428292504
Urocyon cinereoargenteus,-73.256863,44.331248
Urocyon cinereoargenteus,-90.3474883333,38.15955
Urocyon cinereoargenteus,-102.2063937598,31.6671523825
Urocyon cinereoargenteus,-75.9758099779,41.3054389333
Urocyon cinereoargenteus,-105.09545647,21.5398956744
Urocyon cinereoargenteus,-96.633745,28.6235166667
Urocyon cinereoargenteus,-105.371004953,26.5363538557
Urocyon cinereoargenteus,-78.1425778333,37.98428
Urocyon cinereoargenteus,-98.9461039811,23.5804893252
Urocyon cinereoargenteus,-122.1457883627,40.0153138179
Urocyon cinereoargenteus,-84.483794476,10.0144559932
Urocyon cinereoargenteus,-90.3645314093,19.1394636586
Urocyon cinereoargenteus,-109.1476279722,29.656383
Urocyon cinereoargenteus,-89.64151,33.31124
Urocyon cinereoargenteus,-102.5573664862,22.1556349249
Urocyon cinereoargenteus,-73.6070461357,42.3029393173
Urocyon cinereoargenteus,-108.7474073469,28.6298131637
Urocyon cinereoargenteus,-94.6820068359,35.4090693094
Urocyon cinereoargenteus,-100.5661010742,28.5141138536
Urocyon cinereoargenteus,-97.4578802,18.3324725
Urocyon cinereoargenteus,-97.2319841476,20.3967123629
Urocyon cinereoargenteus,-115.32320667,33.62508667
Urocyon cinereoargenteus,-92.8430147377,31.6242480604
Urocyon cinereoargenteus,-85.3712608867,35.0197046216
Urocyon cinereoargenteus,-120.1664485501,39.3608734062
Urocyon cinereoargenteus,-111.8270233895,33.9796582625
Urocyon cinereoargenteus,-115.9605033333,31.1179778333
Urocyon cinereoargenteus,-92.8789053131,15.311330501
Urocyon cinereoargenteus,-72.0002361895,43.1176768808
Urocyon cinereoargenteus,-88.7570194237,18.4185478702
Urocyon cinereoargenteus,-90.084813796,16.5292649707
Urocyon cinereoargenteus,-106.6020743957,31.8336355981
Urocyon cinereoargenteus,-115.72745,30.19981
Urocyon cinereoargenteus,-104.8283656298,31.8969077995
Urocyon cinereoargenteus,-98.4855030423,29.4602943552
Urocyon cinereoargenteus,-79.7308420878,38.0395707395
Urocyon cinereoargenteus,-103.6393498648,18.8159986599
Urocyon cinereoargenteus,-90.8378924625,44.3025625043
Urocyon cinereoargenteus,-94.690687,29.668407
Urocyon cinereoargenteus,-83.4195754813,33.9563099691
Urocyon cinereoargenteus,-81.0318179056,8.3265005087
Urocyon cinereoargenteus,-105.6832883333,35.572955
Urocyon cinereoargenteus,-70.8016908415,42.2291890858
Urocyon cinereoargenteus,-89.6123876901,20.0992559104
Urocyon cinereoargenteus,-91.7029060051,36.9958649434
Urocyon cinereoargenteus,-112.9356718808,27.3084662177
Urocyon cinereoargenteus,-102.4599285066,19.4592088146
Urocyon cinereoargenteus,-102.7235745344,30.1778935556
Urocyon cinereoargenteus,-71.76937167,43.68867167
Urocyon cinereoargenteus,-108.4843618333,32.482975
Urocyon cinereoargenteus,-97.8943983897,30.2225813418
Urocyon cinereoargenteus,-116.6310312215,33.2769701996
Urocyon cinereoargenteus,-111.4648881017,26.3413334713
Urocyon cinereoargenteus,-82.3446313021,29.6945765418
Urocyon cinereoargenteus,-85.9121770039,31.2945851176
Urocyon cinereoargenteus,-82.3747255281,28.0735041282
Urocyon cinereoargenteus,-98.1325221667,22.0956416667
Urocyon cinereoargenteus,-100.3739784251,20.6110510432
Urocyon cinereoargenteus,-122.77107167,42.75036167
Urocyon cinereoargenteus,-89.792879131,19.523578392
Urocyon cinereoargenteus,-121.1454984361,36.5308839642
Urocyon cinereoargenteus,-82.3781341354,34.1711755132
Urocyon cinereoargenteus,-122.2737341367,38.1556973197
Urocyon cinereoargenteus,-100.1308821514,25.9046958345
Urocyon cinereoargenteus,-103.3026187548,29.2748539054
Urocyon cinereoargenteus,-89.06561894,18.56580076
Urocyon cinereoargenteus,-100.8263430896,21.8359470653
Urocyon cinereoargenteus,-121.6340103056,39.4309386944
Urocyon cinereoargenteus,-111.231995,31.9390666667
Urocyon cinereoargenteus,-94.9079424104,30.2654933862
Urocyon cinereoargenteus,-82.6402915,27.7676008
Urocyon cinereoargenteus,-70.4239608727,44.7023817002
Urocyon cinereoargenteus,-104.9503282408,23.4358366962
Urocyon cinereoargenteus,-71.9576333333,44.1187471667
Urocyon cinereoargenteus,-100.9361605238,29.8024165873
Urocyon cinereoargenteus,-98.2430182174,32.7661653016
Urocyon cinereoargenteus,-87.71602903,18.7509737559
Urocyon cinereoargenteus,-78.0028222167,37.1148833333
Urocyon cinereoargenteus,-91.2465963388,48.6697596498
Urocyon cinereoargenteus,-90.6649990997,36.0495779493
Urocyon cinereoargenteus,-72.8147487261,44.3605921215
Urocyon cinereoargenteus,-87.7777233333,19.9262216667
Urocyon cinereoargenteus,-96.6011297491,33.6767877572
Urocyon cinereoargenteus,-73.2184434682,42.7176948561
Urocyon cinereoargenteus,-116.1127404886,35.7921613716
Urocyon cinereoargenteus,-123.3248138889,38.5702555556
Urocyon cinereoargenteus,-104.637751,27.959654
Urocyon cinereoargenteus,-98.4762322,31.0450805
Urocyon cinereoargenteus,-76.6585641979,34.7168583325
Urocyon cinereoargenteus,-92.5924793247,15.1006456357
Urocyon cinereoargenteus,-122.55194167,37.842195
Urocyon cinereoargenteus,-98.5810828805,31.4404047082
Urocyon cinereoargenteus,-122.5972322484,45.1542264516
Urocyon cinereoargenteus,-81.6886039,29.2674537997
Urocyon cinereoargenteus,-104.2209009722,30.5268599722
Urocyon cinereoargenteus,-89.2973488902,48.740802407
Urocyon cinereoargenteus,-77.9651739436,35.9901205347
Urocyon cinereoargenteus,-112.5427816871,34.6230096253
Urocyon cinereoargenteus,-103.0121798325,21.1331266184
Urocyon cinereoargenteus,-79.65366,38.32095
Urocyon cinereoargenteus,-103.6636545137,27.2847092724
Urocyon cinereoargenteus,-109.5432244429,32.2101651312
Urocyon cinereoargenteus,-78.2206564143,38.6806820068
Urocyon cinereoargenteus,-89.8407121706,20.5480137391
Urocyon cinereoargenteus,-90.90356,18.281607
Urocyon cinereoargenteus,-102.334509,33.9102225
Urocyon cinereoargenteus,-110.9821668,28.6536378997
Urocyon cinereoargenteus,-97.1867125847,31.557556185
Urocyon cinereoargenteus,-102.443062482,30.147081311
Urocyon cinereoargenteus,-95.54094162,30.05252001
Urocyon cinereoargenteus,-99.7004220198,19.3135223216
Urocyon cinereoargenteus,-80.1578666667,25.70897
Urocyon cinereoargenteus,-103.6223204923,21.8151895099
Urocyon cinereoargenteus,-68.7805482168,45.1020312328
Urocyon cinereoargenteus,-91.3553335997,38.809251
Urocyon cinereoargenteus,-98.4787598635,26.2875792932
Urocyon cinereoargenteus,-88.1315994167,13.9559506944
Urocyon cinereoargenteus,-91.3649134624,30.9971860776
Urocyon cinereoargenteus,-73.4792633333,41.1341583333
Urocyon cinereoargenteus,-120.1143629071,40.0203699142
Urocyon cinereoargenteus,-81.2277636348,34.0133115471
Urocyon cinereoargenteus,-97.3939284389,31.0610301977
Urocyon cinereoargenteus,-99.664009,29.832053
Urocyon cinereoargenteus,-83.9222427835,35.5415521163
Urocyon cinereoargenteus,-75.9826823909,42.2854966651
Urocyon cinereoargenteus,-79.0814527778,33.53035
Urocyon cinereoargenteus,-73.8449612417,5.2394851694
Urocyon cinereoargenteus,-82.1053736209,27.9402263867
Urocyon cinereoargenteus,-88.8296507883,36.0757211001
Urocyon cinereoargenteus,-104.9812251878,19.3840293449
Urocyon cinereoargenteus,-82.2545336551,36.423160633
Urocyon cinereoargenteus,-82.399903163,32.1286123736
Urocyon cinereoargenteus,-100.5355186769,26.3746388337
Urocyon cinereoargenteus,-72.8113997161,44.1257147574
Urocyon cinereoargenteus,-92.27195,47.79968833
Urocyon cinereoargenteus,-72.468970284,42.3371271898
Urocyon cinereoargenteus,-114.6547916667,33.737805
Urocyon cinereoargenteus,-99.4039988635,29.6845708105
Urocyon cinereoargenteus,-98.2490486152,30.2788564889
Urocyon cinereoargenteus,-122.2620319565,40.467003724
Urocyon cinereoargenteus,-99.176656,20.295278
Urocyon cinereoargenteus,-86.9349937732,31.438602069
Urocyon cinereoargenteus,-98.8400031751,20.7318916356
Urocyon cinereoargenteus,-104.46956561,32.8645468427
Urocyon cinereoargenteus,-83.0063444022,38.6365013334
Urocyon cinereoargenteus,-102.9804437411,20.6017545557
Urocyon cinereoargenteus,-98.5153359,28.962972
Urocyon cinereoargenteus,-105.8554343524,26.8646007294
Urocyon cinereoargenteus,-99.9133436177,24.9212862608
Urocyon cinereoargenteus,-99.4924017674,24.3990514068
Urocyon cinereoargenteus,-121.4127583317,37.718033644
Urocyon cinereoargenteus,-100.4463965423,21.552387844
Urocyon cinereoargenteus,-100.4228691267,25.268588337
Urocyon cinereoargenteus,-94.3996366667,30.8933416667
Urocyon cinereoargenteus,-101.41666789,30.90883311
Urocyon cinereoargenteus,-119.9555972751,38.9125959525
Urocyon cinereoargenteus,-111.84526836,26.02163035
Urocyon cinereoargenteus,-98.7882821926,29.9335111542
Urocyon cinereoargenteus,-70.5717329722,41.921855
Urocyon cinereoargenteus,-110.8868624614,31.7412242441
Urocyon cinereoargenteus,-98.3724190929,25.5982193572
Urocyon cinereoargenteus,-99.4965101139,18.6613018355
Urocyon cinereoargenteus,-103.6415269092,29.3006912504
Urocyon cinereoargenteus,-71.9053932451,42.699821037
Urocyon cinereoargenteus,-110.9699368178,27.9790540738
Urocyon cinereoargenteus,-95.7662535003,29.6555513106
Urocyon cinereoargenteus,-106.3103883255,35.904730893
Urocyon cinereoargenteus,-77.9852960716,40.8159750427
Urocyon cinereoargenteus,-96.8395682314,28.3740687277
Urocyon cinereoargenteus,-76.468519874,37.8073109694
Urocyon cinereoargenteus,-114.6276918054,32.6929312221
Urocyon cinereoargenteus,-106.9239097461,32.4895962744
Urocyon cinereoargenteus,-85.5018768308,10.7151660917
Urocyon cinereoargenteus,-100.7730211463,30.5422672501
Urocyon cinereoargenteus,-119.4858898398,34.4054223839
Urocyon cinereoargenteus,-106.4650200145,30.1552514098
Urocyon cinereoargenteus,-106.925635,30.0129833333
Urocyon cinereoargenteus,-89.7590125528,13.6354690169
Urocyon cinereoargenteus,-96.3814759149,30.6388083623
Urocyon cinereoargenteus,-74.2776116667,40.00235
Urocyon cinereoargenteus,-88.1910603259,32.6015022531
Urocyon cinereoargenteus,-79.5195833333,36.1046221667
Urocyon cinereoargenteus,-103.1175436825,21.4121016756
Urocyon cinereoargenteus,-114.2457661406,35.0492610704
Urocyon cinereoargenteus,-119.6564802997,37.5382573997
Urocyon cinereoargenteus,-80.491045,25.660595
Urocyon cinereoargenteus,-100.5168893889,27.0019768056
Urocyon cinereoargenteus,-124.45198,42.9162633333
Urocyon cinereoargenteus,-100.2829110996,31.6543458822
Urocyon cinereoargenteus,-108.5884021998,29.542536895
Urocyon cinereoargenteus,-123.8170887424,40.1363231833
Urocyon cinereoargenteus,-97.6398506913,27.8651133697
Urocyon cinereoargenteus,-115.3193444444,30.0572611111
Urocyon cinereoargenteus,-119.93727833,37.63166167
Urocyon cinereoargenteus,-97.1487989412,31.959912784
Urocyon cinereoargenteus,-74.0145650286,43.1101944189
Urocyon cinereoargenteus,-110.1422343403,29.6757996057
Urocyon cinereoargenteus,-118.6033235628,34.0502163801
Urocyon cinereoargenteus,-88.5466138889,33.4789916667
Urocyon cinereoargenteus,-96.0274179722,36.3034749722
Urocyon cinereoargenteus,-74.4461441783,41.4715258495
Urocyon cinereoargenteus,-89.77818,33.75272
Urocyon cinereoargenteus,-86.1841060188,13.9748814632
Urocyon cinereoargenteus,-108.4101587257,29.0289402472
Urocyon cinereoargenteus,-85.9031181782,15.708984126
Urocyon cinereoargenteus,-105.9429074156,35.6923433042
Urocyon cinereoargenteus,-89.5851108804,48.532738908
Urocyon cinereoargenteus,-102.9682484945,19.9238402585
Urocyon cinereoargenteus,-88.1706047058,14.2995517663
Urocyon cinereoargenteus,-91.0867975652,14.3995639256
Urocyon cinereoargenteus,-100.8576625,30.033844
Urocyon cinereoargenteus,-72.60656667,43.85668667
Urocyon cinereoargenteus,-99.133995,30.0697816667
Urocyon cinereoargenteus,-119.7476361915,37.2225990357
Urocyon cinereoargenteus,-79.599663,40.577503
Urocyon cinereoargenteus,-94.3255712507,45.9256345628
Urocyon cinereoargenteus,-93.699295,45.436295
Urocyon cinereoargenteus,-121.306305,39.562905
Urocyon cinereoargenteus,-117.5537962985,36.3522144546
Urocyon cinereoargenteus,-114.21976,39.00755
Urocyon cinereoargenteus,-97.0624027966,20.0567165461
Urocyon cinereoargenteus,-94.9336334306,35.9102092246
Urocyon cinereoargenteus,-114.9553,31.23233
Urocyon cinereoargenteus,-98.3004448325,23.4232970012
Urocyon cinereoargenteus,-78.4443560603,37.3157798404
Urocyon cinereoargenteus,-75.6094258735,41.4217791427
Urocyon cinereoargenteus,-99.99956333,24.50974667
Urocyon cinereoargenteus,-89.7887619585,16.7045101351
Urocyon cinereoargenteus,-77.6171215827,43.13016439
Urocyon cinereoargenteus,-91.31324,47.3988033333
Urocyon cinereoargenteus,-75.721634226,36.1145348848
Urocyon cinereoargenteus,-98.3137140532,31.2364054313
Urocyon cinereoargenteus,-112.17025978,33.71446644
Urocyon cinereoargenteus,-104.5578682379,21.065554687
Urocyon cinereoargenteus,-116.2153482618,33.7679491549
Urocyon cinereoargenteus,-102.696031183,28.5128110935
Urocyon cinereoargenteus,-95.4634626588,33.7264974615
Urocyon cinereoargenteus,-76.6462134782,38.0543273203
Urocyon cinereoargenteus,-98.8763785156,31.011332031
Urocyon cinereoargenteus,-74.8515343183,39.255857487
Urocyon cinereoargenteus,-80.7789281503,35.6098548386
Urocyon cinereoargenteus,-89.0670730546,21.0938108546
Urocyon cinereoargenteus,-100.6243120506,25.4627291812
Urocyon cinereoargenteus,-98.3220199014,29.2477896068
Urocyon cinereoargenteus,-84.64900833,36.12354717
Urocyon cinereoargenteus,-97.2385971621,15.9499217433
Urocyon cinereoargenteus,-102.2264075442,19.9546326473
Urocyon cinereoargenteus,-119.2030033333,36.3270333333
Urocyon cinereoargenteus,-111.3865590628,28.4385427401
Urocyon cinereoargenteus,-93.9432282199,32.1193706021
Urocyon cinereoargenteus,-121.437413,41.004923
Urocyon cinereoargenteus,-96.94314575,19.4492320833
Urocyon cinereoargenteus,-79.1485299722,35.03302
Urocyon cinereoargenteus,-99.9423065008,29.2619452386
Urocyon cinereoargenteus,-98.7348141588,31.21165372
Urocyon cinereoargenteus,-110.3445275781,30.9131892636
Urocyon cinereoargenteus,-94.6970161515,33.0262853691
Urocyon cinereoargenteus,-92.0281862321,17.675909385
Urocyon cinereoargenteus,-97.2476842,18.1892508
Urocyon cinereoargenteus,-111.43879667,31.785725
Urocyon cinereoargenteus,-103.4666843343,29.4920300741
Urocyon cinereoargenteus,-76.5321574697,38.7126792512
Urocyon cinereoargenteus,-102.3711753541,21.8968037167
Urocyon cinereoargenteus,-97.9833,29.5708
Urocyon cinereoargenteus,-109.107396251,31.5539625281
Urocyon cinereoargenteus,-116.4581266667,31.5740416667
Urocyon cinereoargenteus,-122.19076667,37.00923055
Urocyon cinereoargenteus,-70.09969304,44.6375997481
Urocyon cinereoargenteus,-106.975800597,37.1846419525
Urocyon cinereoargenteus,-86.1489109,30.4736368997
Urocyon cinereoargenteus,-116.0839777778,31.8538333333
Urocyon cinereoargenteus,-100.11341,21.467031
Urocyon cinereoargenteus,-99.1052380225,29.3232165045
Urocyon cinereoargenteus,-99.8879792532,31.9054423833
Urocyon cinereoargenteus,-110.2320065468,31.3499438991
Urocyon cinereoargenteus,-78.340845,41.2511
Urocyon cinereoargenteus,-99.017164,21.364872
Urocyon cinereoargenteus,-123.2683778554,43.0200306785
Urocyon cinereoargenteus,-73.1258019206,44.6293152322
Urocyon cinereoargenteus,-68.9758162934,44.5450046152
Urocyon cinereoargenteus,-99.8074083333,30.4112533333
Urocyon cinereoargenteus,-123.0563914,39.0612883
Urocyon cinereoargenteus,-122.4109293806,37.2664208936
Urocyon cinereoargenteus,-79.1376019,40.6285257997
Urocyon cinereoargenteus,-74.4427728967,43.9775316477
Urocyon cinereoargenteus,-105.6492996749,32.9420075973
Urocyon cinereoargenteus,-112.5681602955,34.3368946511
Urocyon cinereoargenteus,-102.3463875,33.6212592
Urocyon cinereoargenteus,-96.6923343109,29.2229946942
Urocyon cinereoargenteus,-110.112048,23.7458339722
Urocyon cinereoargenteus,-79.2914818809,41.0014464031
Urocyon cinereoargenteus,-99.1795227304,20.7753496686
Urocyon cinereoargenteus,-101.2566666667,20.0930555556
Urocyon cinereoargenteus,-101.0402954744,20.670202528
Urocyon cinereoargenteus,-107.5490926428,33.1755595887
Urocyon cinereoargenteus,-80.3955700537,26.066742672
Urocyon cinereoargenteus,-72.9202113992,41.317523523
Urocyon cinereoargenteus,-77.0472195,34.65905833
Urocyon cinereoargenteus,-98.1420026962,26.1979318013
Urocyon cinereoargenteus,-100.3550426953,25.6076423152
Urocyon cinereoargenteus,-78.7828654424,35.7177425692
Urocyon cinereoargenteus,-104.0740455293,20.2292873396
Urocyon cinereoargenteus,-103.7988133729,34.4342549614
Urocyon cinereoargenteus,-101.5925851464,21.8672673115
Urocyon cinereoargenteus,-80.1125248779,35.9918673763
Urocyon cinereoargenteus,-122.9935662688,45.6822984318
Urocyon cinereoargenteus,-100.5000171535,21.2666206157
Urocyon cinereoargenteus,-103.6491421554,30.3649522214
Urocyon cinereoargenteus,-105.2088402843,21.0375401998
Urocyon cinereoargenteus,-69.5393666667,44.0335527778
Urocyon cinereoargenteus,-105.94875333,32.97907
Urocyon cinereoargenteus,-112.1603668574,34.7241267851
Urocyon cinereoargenteus,-102.7278666571,25.2008779543
Urocyon cinereoargenteus,-122.7054058159,40.9891982576
Urocyon cinereoargenteus,-104.0279497864,30.3114306572
Urocyon cinereoargenteus,-99.5242726113,30.0890423734
Urocyon cinereoargenteus,-84.0717148082,36.9564831778
Urocyon cinereoargenteus,-98.8551556358,28.4301201033
Urocyon cinereoargenteus,-91.8367220375,17.5378776757
Urocyon cinereoargenteus,-71.1471142621,43.9166629455
Urocyon cinereoargenteus,-110.5192117766,36.7418253101
Urocyon cinereoargenteus,-123.632035572,39.7363780324
Urocyon cinereoargenteus,-91.5950932726,35.6994034088
Urocyon cinereoargenteus,-87.2884085,20.7526181944
Urocyon cinereoargenteus,-71.8758526833,41.3564780628
Urocyon cinereoargenteus,-103.4670814499,21.0531546861
Urocyon cinereoargenteus,-100.4930012528,28.7503906003
Urocyon cinereoargenteus,-120.9861051802,40.4569224995
Urocyon cinereoargenteus,-97.1399116516,18.8268539645
Urocyon cinereoargenteus,-87.4091678381,46.5936811562
Urocyon cinereoargenteus,-78.7539036126,38.4089670864
Urocyon cinereoargenteus,-112.9501771,27.5344714
Urocyon cinereoargenteus,-76.7539482471,37.3013930116
Urocyon cinereoargenteus,-98.4285966667,30.5629366667
Urocyon cinereoargenteus,-118.77105833,36.44263333
Urocyon cinereoargenteus,-104.3890815172,30.7786238109
Urocyon cinereoargenteus,-82.08221383,39.60478333
Urocyon cinereoargenteus,-104.0533372271,21.0859817971
Urocyon cinereoargenteus,-91.0821114153,38.5005108315
Urocyon cinereoargenteus,-99.812117,26.7945269722
Urocyon cinereoargenteus,-77.2294221818,39.8108176846
